-1.31903705062996;-1.39366690786948;-0.503108485768316;0.748740199921528;0.121979698419774;0.851796873788736;-0.744332608903967;1.65950622271568;1.36067810412239;-1.30444675103525;0.0533326394320955;-0.770846198169576;-0.00256041410524362;-1.34465658309675;-0.65538772078459;-1.18365959500555;1.58385627472209;-0.481925555971499;0.847396767144127;1.34796496304358;-0.481174721238811;0.653916518518098;-1.01335848163433;0.391325753661239;0.0644909169950008;1.65116961150091;-1.39179255674015;-0.840063513588286;1.36235238177894;1.36504892265909;1.17076784763088;-0.90225272472497;-0.393104884832844;-0.603104325603436;1.3772943420175;-0.626949798960748;1.51384467956867;1.1063498056309;-0.595408927917488;-0.44069051870912;0.877809873405858;-0.957626103066583;0.229695479726372;-0.669073725909198;-0.910650434268332;0.405093979077577;-0.427497722688325;-0.0647838200588187;-1.30658535638571;-0.29125112563802;1.54687362202721;0.694046326164491;-1.16171741270517;1.45275047646906;-0.260398830885485;-0.306936373289154;1.28570876962375;0.771582956429346;-0.791378515032317;0.136827282777764;0.767961632570042;-1.37989689327453;-1.1784739570221;1.6616463773222;-0.809197402807228;-0.520042433801779;1.28827588252217;-0.875083886460651;-1.05593372925535;1.63757927403506;-1.03148707871532;-0.998121328867655
-1.5007839420092;-0.161235610522845;-1.09402639704834;-1.08684594447375;-1.14641076291043;1.55997784789693;-0.145396351533294;1.56417654544726;0.740362087319059;0.43925429724696;-1.09816984462685;0.255608432758216;1.74525144936341;-1.08653787032391;-1.33430311727626;-0.152451657482801;1.56177887752241;0.290536483602396;-0.228635742853055;-0.783709035955141;0.534014610693247;1.1175480908955;0.574231172956923;0.944543233171017;-1.37834274201493;0.319575574154709;-1.47040265719797;1.50714963536698;0.945405764045228;-1.11976457706671;-0.499870585893655;-1.40499162562422;-0.786019275921505;1.2721740228047;0.71472921859194;0.841632743055455;1.17321728246914;-0.787682435879121;-0.781190220504817;1.91152666999178;-0.552233616551023;-0.461435466509807;1.42092861248287;-1.14101411563747;1.52974951988654;0.405679108264051;-1.42783033830737;-1.41385443116511;-0.836329465480189;0.0440715112691514;-0.55449754404101;0.510499065834795;0.518610114058935;1.61262417063259;0.33295167808649;-0.665723048139096;1.21714220128583;-0.0859606454537582;-1.33870648297168;0.486622647700458;1.40017722458204;0.30006299786532;-1.01143249911083;0.229923383872908;-0.691078397372248;-1.3233814995155;-0.588575571833141;-1.15712585395415;0.151341895849743;-0.223326875566118;0.626940044813656;0.719258032888674
-0.826380932120286;-0.446348214639204;1.50921457029581;-0.904530850596575;1.43554353761222;-0.167058057514931;1.14679636219036;-0.0814611311346852;-0.134107595028375;1.68843783246793;0.476604663350963;-1.00095808269664;1.16722530764301;0.71119133266258;-0.224468988463921;-0.711177331131568;-0.96213949020407;-0.510073322176893;1.36164317327761;-0.634326059559085;-1.35987162052229;0.447425521345082;-1.40052059797364;0.873146514487317;-1.36092385764977;-0.7041730246105;1.28538906516758;0.998773216194711;-0.905755605677673;1.46902207159597;0.142738568009206;1.11831740451911;1.14919152866727;0.441336864554785;-0.829199557816481;-1.20092202636285;1.6352005399664;-0.932957445720282;-0.625429990414801;-0.764524719508853;0.257318078130015;0.202063320755374;-1.54593569834422;1.23831280850346;1.32301384524988;1.45687183755307;0.560531015411097;0.0729441586619864;0.360772530600579;1.60033303355613;1.26878178058097;-1.51348494409461;-0.0982685653329525;-0.901953756189096;-0.0818229528681969;0.472568383217501;-0.970255984209016;-1.28836031173496;-1.46803536049025;0.215288194679267;0.293927714000359;-1.7764052215478;-1.10013389300046;0.143245170058521;-0.378729103084721;1.10466209551472;-0.403774774681034;-1.19853992445522;-0.384037477064388;-0.94797532964452;-0.600003034415101;1.71719279219908
-1.5880595056331;0.270855490832247;0.874519858041708;0.254862671145249;0.14808100397985;-0.740687125966703;1.28292494423805;-0.906130643614033;0.52964081690672;-0.573845066373936;-1.10489589991247;-0.617969868613886;-1.50958797264766;-0.163589396927777;-0.57001681802218;0.201500073847983;-1.21106171470614;0.495376714648738;1.4855678167587;1.0080135648009;-1.20004390775481;0.921598875620516;0.720312223406859;0.185394141515193;-0.490872628246482;0.137228872763678;-0.199811228144368;-1.49284464944967;0.025391628151514;-0.0685110407491522;-1.27224081142729;-0.484816816121121;0.339421018728777;1.28427125336155;-1.42144395893322;1.42146385109356;0.0748244917612043;1.45265998537498;-1.321557163323;1.62688878270715;-0.690798085598675;1.33215506630901;1.45254927783462;-0.764777286173357;1.24584465156502;1.38410456461008;0.0316656016702823;1.59663412710551;-0.0191138460224013;1.20839092913819;-1.50728760623778;0.932760634926989;-0.578768581093205;0.220472217100006;1.17717350919963;-0.81084898333588;1.24935266534312;-1.00557644054586;-0.948966857680647;-1.68385002585621;1.1579335000954;1.08106743661534;0.767287126152186;-1.09655029941651;-0.996306412019019;1.07873031412638;0.741418510575071;-1.09504982809147;-0.436847595066934;-0.29267127119801;-1.5680265749856;-0.964912302163386
0.293218213185376;1.78593951065287;0.170366626119933;-0.700664101672345;1.38071015123018;-0.0519124887455811;0.830009999904269;-0.017128576354186;-1.48667198558112;0.0645475068305209;0.400182854007669;0.702554619414214;-0.100079703335644;-0.360366289912495;-1.4987483913901;-1.47275052724272;-1.485076075517;1.29787678072585;-1.41745963580114;-0.47280392473624;0.9013210248486;-1.21966349443346;-1.10873054086309;0.0901114634229792;-1.00897774715729;1.05469824958583;-1.35566272940266;-1.42265654715345;-0.928043963661417;-0.424635094589763;0.51843616650754;-1.31195170751907;1.2911174964856;1.36882782091477;-0.753481037178346;-0.288869477624118;-1.37143636153794;0.494599916841312;-0.125012519724084;-0.0790826420426325;0.223163706552658;1.12917839140681;1.8344154937374;-0.290622029277004;-0.706200991505171;-1.33491615495454;1.05863715361929;1.42318117686586;1.1902995580546;0.813484652492468;-1.08418637344106;0.346796448835653;-0.317298747599709;0.94100820519008;0.19414492447925;-0.0835800749902856;1.29820826890684;-1.51620661991216;-1.28814813712418;-1.27044988096477;-0.292711541952039;0.656204764448604;-0.685546395301887;0.8708817726053;1.47903000391963;0.115672778917618;1.34435578652527;0.464011139346239;-1.20334703534327;0.723039749830666;1.83160449789187;-0.0467573287616618
-0.340138264466792;0.375264922396564;0.973589668772569;1.40957639590287;-1.22269896268322;0.859830568274692;-0.923716982467856;-1.36181214249094;1.61812870713318;-0.96635157705373;-0.811847638763017;-0.000220875776553159;-1.05109307747945;-1.50552225948005;0.695401283080249;-1.33929995854146;-0.571311784665682;0.997867542181307;0.143630977564174;-1.53054783251611;-0.00497441100012658;-0.598550378077224;-1.46641453739421;1.21847320337126;0.024807954616347;-0.767971086571321;-0.0264143551253646;0.856323696068083;-0.873612625757412;-1.11156291919041;0.780902287990404;-1.23018876336904;0.67354478608104;0.655560658767715;-1.18072419409502;0.772530908474439;1.34616322308651;0.214565863366785;-0.699005917406226;-1.49457076710659;0.954878638096005;1.6053820254034;-1.3580750908779;-1.15013335955311;-0.420839299980619;0.805039637372063;0.0183511799542841;1.03919510856028;0.855653892884382;0.747540456112833;-0.840379708981053;-0.675315937208606;-1.31406940622378;1.39260014959416;1.40474606175675;-1.40697128199827;0.176296064182069;1.37691377373258;-0.280614954322184;1.16706943221937;-0.77913847220865;-0.158243370204669;1.13359779159775;1.06430823071488;-0.125456556712865;-1.24704227100268;0.948031646473677;-0.0848564279159003;1.29699924294624;1.54466768293708;-1.0636658732967;0.835919660298803
0.019038220519817;-0.0421057165925353;-0.91379821959652;-0.00185577481786911;-0.957807145380635;1.34674731852;-0.0409481544002372;0.863247551451913;0.856900331645369;0.565844942457181;-1.7486375640388;-0.0131073534086397;1.39374555780247;-0.231757389223044;-1.66192050872297;0.927001628213452;0.895602013569127;-1.51355523637147;-1.12797748155233;1.64430921419035;-1.23328957369679;-0.268349794477428;0.930777360350722;-0.589310488519315;-1.25767200832708;-0.848098651338267;0.608502363398822;-0.888319297049744;1.52733829068931;-1.64177917255863;1.40768838139177;0.958309049191783;0.138188680195117;-0.0705773137487508;0.939767136103762;0.335242752541234;0.601963384786942;-0.297321361294895;1.15412774332282;0.499554010072752;-0.287234025643095;0.50689011597981;-1.4037689645914;0.284763158301401;-0.179387947661623;-0.568643298788396;1.3779856843783;-1.66209978659183;-1.40078210612388;-1.70213753808948;0.678542764354805;1.10209120489949;0.974617777540283;-1.09021751053297;0.341317668112409;-1.461947575404;0.703472409246145;1.3518677551122;-0.49351935689203;1.56664699214703;-1.01109063528006;-0.901964447751737;1.01226474695201;0.749343913802751;0.834512047254808;-1.03059112704118;1.52505945258565;-0.285012718850022;0.504830960862597;-0.320807775074799;-1.42429734697473;-0.556412215537221
-1.11064596023025;0.0173051303801579;0.161947752828459;-0.104851747060231;-0.701377467585519;-1.23209330447133;1.33769293899106;1.03502730713756;-0.631771798341239;0.529626761011104;-1.37691782386756;1.56943934999692;-0.733964033093333;-1.60124506711714;1.76453185062229;-0.600541375422643;1.3355540034547;0.671806586211825;1.38290513614719;0.969013107510451;-1.71987867656535;1.33487704186796;-0.29447906011788;-1.26601776077145;1.23418369982672;-0.552640791161665;1.18606379300638;-1.00958424361282;-0.488215831591565;-0.129265060690479;-0.567625032068126;0.611081809573006;1.48092441262909;-0.593439800349807;0.337487183509911;-0.928697417375578;0.402386129323847;-1.49329776453797;0.862603401623197;0.0266681603494496;-1.83999142713525;0.176372258123901;0.362382148412156;0.120513127537236;-1.56945974355789;1.27484815671956;-0.421717574451386;0.537920669185052;-1.13553849813306;0.286053765107861;0.101952328442802;1.62221444586395;0.0157846645331729;-0.76695887422441;-0.851778456711878;-0.66330579685387;-1.62085363283367;-0.504672309731796;0.44318175835739;1.63348052882049;-0.635939892233371;0.41463935927217;-0.409394684602577;1.27971046759358;-0.835386030252476;-0.205782428196228;-1.84412288596387;1.64169297250081;-0.156515045382709;0.76059144466616;0.779289700497849;0.896213944660965
1.62241109028863;-0.341581804042278;0.97458998794433;0.0773114694649753;-0.689242722749169;1.41929557945279;-1.29538825718542;1.75842732643257;1.67665510283913;-0.983097474167472;-1.45618778767123;1.09379905497289;1.58579104145517;-0.188672553039685;-1.0309746353613;0.46622789400132;-1.33625076516405;-0.663605349771899;-0.943222692178005;-0.748526546182981;0.0408653548020655;1.09687254917139;-0.969992603334539;-0.247371890082128;-1.03960876501292;0.964191359659431;-0.704278052398393;0.559810111898202;1.25541204502782;-0.0741310411279671;-0.941157521869282;0.0774210851510839;1.3484086622438;1.07568677541712;-1.54240059453671;-1.03379369854916;0.306455635029001;1.12688969122795;-1.30137208914621;-0.911857673530862;-0.55150850446652;0.61897604161874;1.77912976965753;-0.98272449904953;0.442164860114705;0.511190957685191;1.54948682866497;1.40772485022494;-0.545135221261402;-0.161066457703291;1.43390832850966;-0.867869465870408;0.242623872560393;0.0648678879388335;-0.61859351437175;-1.04476071323052;-0.941888455055508;-0.348337376321311;-0.453379019869877;0.141834245031215;0.55327437750341;-0.0599300416438095;-1.06728397294302;0.18048688961933;1.75332837514163;0.261659454617504;1.5406587201689;-1.06019498830972;-0.216571212850742;-1.56748019115991;-1.41052699537545;-0.667872128952192
-1.1356174053619;1.5571723837009;1.39174335137726;1.01116600762298;0.907160297581742;-1.75980709679817;0.899890611019443;0.039792210898772;1.00399094046793;-0.52065212794758;-0.669070515602562;-0.357958591268001;0.0824947447707505;1.51530603334602;1.4235155861101;-0.490716565528683;-0.0805324389452993;1.09152800307134;1.49671401941966;-1.11861415576899;-0.194389854808201;0.147240115063797;0.125344045463468;1.09758122549766;-0.0885418694115053;-0.176040530834289;-1.14385827900505;-1.59226044501628;0.56041924262863;0.833631311429303;-0.150422035214464;-0.751559189281323;-0.524750719950165;0.326416719970174;-1.70794616306295;0.069272580972762;0.0571859846599395;-0.244773919140209;-0.566359158234775;-1.15767537469035;0.136392183765146;0.891590974304571;0.521800681203144;-0.903689222578716;-1.36764609857141;0.676266926137426;1.48189725661259;-1.74121606105643;0.221939221312454;0.0524244479845181;0.405920172948614;0.0763427851712016;-1.67792555336025;1.09414359049676;0.911569961684809;0.305637471142361;-0.340693438611553;-1.47835965096939;-0.672813899814504;-0.689320948432956;0.972546173774936;0.719629279186736;1.0678679598382;-1.60216214781036;1.21826489883495;-1.69003310317023;-1.60572964816682;1.34457301636864;1.45073041955998;-0.418278771711654;1.04059244137944;-1.60828029665408
0.0636302630614258;1.11519997438464;0.536517166482633;0.714883156391083;1.46561704933929;-0.599974579191013;0.915584663110768;1.05380340313205;0.111319417379305;-1.05550478398683;-0.0535776129105891;-1.14980603869294;-1.23452623133937;1.62158010148388;-0.70831493509701;0.152520466896656;1.2433868608144;-0.263979691943068;-1.25325195913102;-0.0654719492605597;-1.23417921707366;-1.55611626260069;-0.387063106902004;1.24540889482285;1.67485793285542;0.555461630028655;-0.378338815483607;-1.34567065772956;0.72222844142567;-1.5409601325376;-1.50745977401769;-1.01027608484682;0.818101204513376;0.439633718359037;-1.48434205722392;-0.840373186732109;-0.883183701329237;-1.25421247896151;0.902385978569684;-1.26081918068933;-0.430163808070522;0.281678279786227;1.20674302473941;0.580521265805403;-0.688299181648693;0.775411861662633;1.58930316850515;1.70948284650577;0.97036510044064;0.198491827103763;-1.32578504743066;0.293605248128306;-0.689414558928119;-0.33770501232124;1.58249991179298;-0.0661264900756577;-0.183609934451123;1.15198439161846;0.900901343494339;-0.775717596427135;1.63924035625127;0.575382305102556;-1.35429805403139;-0.0335934658208601;-1.23391802570691;-0.729174543801537;-0.107031123247641;0.186716170260269;1.42004914297004;-1.55381476410267;-0.650168847511876;0.811726324038135
0.868858255905904;-1.77353782799535;-1.37583963055861;0.479660046488659;-0.90901581774442;1.09022344770479;0.371435288122814;-0.780331048532414;1.01643868842182;-0.157285976672765;-0.411427879004782;-1.19872551973826;1.92811528209678;0.162049591005716;1.81042161826053;-0.494845374396381;0.8950275500405;0.588395248124133;1.43635750406716;-0.0986503427449663;-0.232223318226945;0.0867911082210464;-1.06180362979206;1.04794880692127;0.0398777168379024;-0.400711467118965;0.238616166054434;-1.7364454907756;-0.799265885449453;-0.220027392965065;-1.45964799764667;1.02899161792571;-0.836886263625595;-0.212621021723701;1.72128403966236;-0.680723861559047;-0.686754170206914;-0.403891053507074;-0.851144945662516;0.968486406344339;-0.775093443208009;0.0970638571893265;0.382893107399409;0.296241796126147;-0.634341143060577;1.95374331126078;0.297654676287965;0.727024816269957;-0.359258931479628;-1.31086726973349;1.57608181091721;-0.693533342456068;-0.903523868094626;1.63779470237666;-0.550350223882212;-0.999897627262407;1.45600259009618;-0.256051649180413;-1.34218244529651;1.65943243767401;-0.930357493296907;0.325916003951151;-1.76302993803022;-0.545498693560382;-0.479602753973364;0.727317291368971;1.8058975321868;0.358771528873217;0.608502339642819;0.70918070487231;-1.59005597913673;-0.483046171399691
-0.455911637227668;-1.28970784650942;-1.11073071741107;1.41551212553311;1.443988562896;0.532727304022744;-0.247606333148786;0.0557740372996271;1.09880282019155;1.27896884856733;0.516302160405036;-1.25218257446645;0.156821639255061;1.04066733709496;-0.0328860088536486;-0.425465648951653;-1.4013835390161;0.643874088478539;-0.135464460158368;1.32848689124774;-0.886036823574898;-0.456268621714047;-0.0617798382417819;0.753291717984761;-0.095031580328636;-0.894531733355023;-1.02543362168193;0.529626955547052;-1.56432386408632;1.64563099987434;-1.5894863998949;0.781240105865054;-1.45161755504744;0.0757610808679771;1.3967868664297;-1.3388784925754;0.662868041577432;-0.35177043697404;-0.766006720306385;-1.1365870931852;1.56388773607916;0.32849075189429;-1.52809800042256;-0.541314119057398;1.29936985304428;1.2753151165316;0.911083182214118;0.0837832620029296;-1.1962638531323;0.121853215132538;-0.144018080858044;1.41428728317823;-1.10924853657324;-1.15692415642036;-1.38173459301009;-1.69083440132062;0.470147800457004;-0.165946626671181;-0.180647679945252;0.647328910444023;-0.133030460102326;0.920842520028808;-0.0710934844210529;1.15124762904186;1.17726386265523;1.43313786326463;-1.49175640522601;-1.61013082741992;1.34195627938991;-0.385198902085244;0.609742118195561;0.648462706682586
-0.682864358117518;-1.15822842285931;1.34529826894892;0.206625845553117;-1.07600023018874;-1.7648079946789;0.983997068717522;0.0254164770271616;-0.480777360722121;0.329096591036126;-0.315361499562405;-0.341877495866483;-0.241214012951695;-1.87417241849777;-0.123942954457518;1.27634417566637;-0.62749079703625;1.26825875440842;-0.48474461166285;-1.35861344114659;1.42005027368869;-0.024577371573046;0.45197385487224;-1.57465345487364;-1.85778565331399;-1.49687981023695;-0.379558025881998;1.46349186173112;0.895476412074991;0.609557173655807;0.15586851295906;0.675831465137346;1.05166805730327;0.697443860994281;-0.350590590932403;1.13157311647528;-1.42739779096871;-0.550167974159245;0.372991429101026;-0.366631065287469;0.0863576830779706;1.02784173002672;-1.4446094717073;0.779537915548049;-1.2919435208683;1.52254141804108;-1.09814209378551;0.565071810716124;-0.887589770392257;-1.74783583278828;0.0183359692849198;1.55570704952509;1.30012060333588;-0.610484835856867;0.597419310363557;0.960769971720403;0.00885468053332444;0.597470810458235;-0.258069414497218;-1.90160133331612;0.233806989467974;1.13956216525127;0.748997023217046;0.528722423886947;-2.14925283528726;0.627863993565124;0.225511405095122;0.680399084318899;0.095475130699507;0.363540887332076;0.381261053270766;1.54173413538787
-1.11944897998058;1.50086412736698;0.313502144083545;-1.56962003274036;-0.649853935118483;1.3134336282605;1.35357213723915;-1.41838537278864;1.24974262291818;0.761241399232332;0.183312214205327;0.44481994925661;-1.39153003162593;0.353889838804947;1.04790394186535;-0.433187858969318;-1.8310860493204;0.43306591944564;-0.915910328710382;-0.205429375114025;1.34517055943145;0.114864795620488;1.0692475059473;0.66408145632918;-1.6710656682062;-0.159310841918774;0.700285442083054;-0.111413602282737;-0.759924529453587;0.015001078595601;-1.500367889482;0.486963715684457;-0.298699900015129;0.243320317833041;0.748724529107496;1.42685028050405;0.904473176922287;0.341354840854631;-0.253260487688211;0.458768618666732;0.945363669557529;-0.57542904305665;-1.18714574694349;1.21226340204575;-0.926431278768275;-1.5374431425135;0.101790215233414;-0.512908291749151;1.27822974266482;-1.12788570313662;0.677076776548256;1.41665017012696;-0.521645108680077;-1.2162688582145;-1.72839891978148;0.372246348848161;-1.48897816704245;1.2559808122036;-1.81914915299629;1.11601703124952;-1.30744660228469;-0.455609048940238;0.948099281114173;-0.685853244139548;0.341014500252203;1.3029086229701;-1.17707493919039;-0.0282902250097447;1.21172543414668;1.22761378581053;0.268899088557626;-0.565880765725796
-1.20074566483153;0.281078694840907;0.507358191714548;0.046723310545122;-0.578479167858595;1.52590962074211;-0.286892559749231;1.53540341692881;1.40656199541787;-0.66824552898665;0.265954310892043;-1.52251458362786;1.00130048103506;-1.27774977138611;-0.875017683118954;-0.967030868685123;0.0983894725364907;-1.51390652059368;1.05259228046466;1.31518886845494;0.289192551883415;0.286537870675079;-0.109311615089354;-0.478458974049125;0.13063794942635;1.1638026308548;-1.01384613901705;-0.582719554237548;1.30623357089362;-1.76293853184535;-0.0726174970800488;-1.84325258066783;0.25873651398182;-0.638163511682853;0.784850197198198;0.908872182754512;-0.0194573791821493;-0.0764278106511232;-0.892985982170842;-1.31363368877891;-0.29139000342947;-1.65682837314598;1.43855948735687;1.06399380397671;0.990738626801283;0.63305888668012;0.0226866899343413;-0.225281131115119;0.344164642216123;1.49454462767868;1.59019081185947;0.890895439184687;-1.65954514571443;0.673758020258605;0.856049739332878;0.183170983431485;-1.50401936956495;-0.908592513731536;1.58653988005686;-0.0718272797753038;0.645346080263952;-1.59858268500689;-1.66523983346001;1.27509084776801;1.07482648703149;0.214797212064663;-0.110796578671594;-0.254945686777299;-0.392145449646216;-0.113435346935376;0.722881029435116;-1.71959239630759
1.127459616436;0.565495063516835;-0.173438066394929;0.156748120883434;0.610840539733526;0.590137101562155;0.302313272889047;1.24272798445789;-0.626208809060563;0.964386456576327;0.829838939342718;1.54827275375648;-1.53024764141846;0.794208987688315;1.55275084457106;1.3277442180601;0.277979746521736;-1.15093623916699;0.610888174977804;-0.871318632525646;0.113826882985752;0.932681523099615;-0.174113572912889;-0.464660629378421;-1.72802683749681;-1.57719773909685;1.72091166812617;-0.981425799338208;-1.01263683283995;-1.46614700529186;-1.57389465312747;-1.29108672848011;-0.985586968835719;1.48332349494569;1.57713616255956;-0.341794756385986;-0.800840597968879;-0.953705775266654;1.40532893048939;-0.21515187680098;0.65186277843364;-1.32911441711016;-1.07332462332058;1.50135557445402;-0.546838488692136;-1.33011185229748;1.14090473195313;-1.37835547292358;0.494182474013104;0.402473562868518;1.31201956717804;-0.860180965011832;1.1167627913088;-0.0551765030816223;0.0514635348982973;-1.54143084176678;-0.996600298673443;-1.44498637211968;0.148566023277076;0.451829343727206;0.600674400293154;-0.452469862875911;0.51915588219467;-0.896270738871873;0.802072174600626;0.384716732719663;0.797650787489034;-1.28212216950698;0.948521791985928;0.158336665853879;0.392375880925813;-0.504523413314777
-0.945373296108793;-1.03489153442738;0.138129149802463;-0.387882997307104;0.202661702542239;-0.0215908472363502;-1.81505722590364;1.31831315167894;-1.11510891572669;1.34927827813765;0.188024049924522;0.251474469938026;-1.17810438947417;0.987102188245587;-0.789714359174462;0.759829726922143;-0.399505151798904;1.36952005320176;-1.2144829841006;-1.22566299225742;0.579580862425441;-0.90121145597624;0.880006089807187;-0.74301713518617;-0.202825397876425;1.54995317201162;-1.16783442626985;0.758629102534577;-0.49595810079229;0.64003476574029;-0.704790329080885;-1.54900924991955;-1.89065520895751;0.00395196389403385;1.69855729942084;0.224608481600449;1.45934680576222;-1.53969024639839;-0.16397533945218;0.631697698819328;-1.68199876379192;0.492848793804116;-0.392559040074111;0.936056771113584;0.992769014773388;-1.68853007849195;-1.74345641338043;1.50945966544059;-0.788341575883585;1.73209495798715;0.71015550452117;1.28063875455895;-0.601001285387931;-0.34435999702532;0.546618226959173;1.69148616566506;-0.179249618436955;-1.02009941384043;1.55059040636693;0.388356536328233;-0.755002119795564;-0.838038322640606;-0.0869744463578335;-0.0194956756693736;0.152822908389466;-0.164212398984998;0.240883980066466;0.553591652429405;1.02419289462236;0.7213251650227;1.03613092695754;-0.761060604229579
-0.18608659848187;0.051709866703212;-1.1819155052545;-1.52361235704386;1.28824833863143;1.70667647289203;0.153769083291137;-0.230268882694907;1.44094563722953;-0.716650496099651;-0.173628761381474;-0.301329314419863;1.6936687721963;-0.0770246123284378;0.882066239806104;0.328952547245168;1.25680269996158;-1.59725850950286;-1.23043086102193;0.688440406979036;-1.0984545923019;1.24786688733473;-0.321798403072582;0.978257676459223;-1.06775193239833;1.41359976684655;-0.879699786810554;-0.534171967295186;-0.0252389901272472;-0.365114867718305;-1.15516893508635;0.36281539314406;-0.96038032791759;-0.243663497938466;-0.079867953040609;1.30505918163426;-0.586342603298175;0.579059346001803;-1.1743764278261;0.0399999700364583;0.815545754078446;0.213883339359006;0.830479975176553;-1.4312442866983;1.31125820492515;-1.22897708621983;0.200699425101443;-1.2315902832242;0.87851204043056;-1.55615540411946;1.16738198528876;1.09422098964407;0.447393576828774;-1.18044127316434;-1.05504123031627;0.324541573285711;-1.23028746899151;-0.401678122611417;1.30263463445677;1.63314363088718;0.982580520935275;-0.915854688180984;1.55346516653465;0.202264766180528;-1.1652772997806;1.22205090457677;-0.94474472526958;0.333536531367462;-1.60095239805514;1.33550211727415;-0.688500588223963;-0.926052384807528
0.971554881304074;0.145116713507786;1.25996446574298;0.104253426924129;-1.48764888767018;-0.812827588241783;1.05919768203789;-1.73743021809357;-0.711949953909915;-1.55151393126162;0.00640675166317431;-0.401854964955688;-0.110421818262738;-0.809458654944014;1.3014323707333;-1.68005989726919;-1.1034715151846;0.989567325791156;0.57755711611726;1.2038390040081;0.678351283210297;-1.35368699066775;0.464800961811213;-0.206364554387015;0.0776881171301411;-1.28207186158712;1.12456156499853;-1.80765426469429;1.10675114139682;1.25437547213364;-1.53447749256266;0.938296441534746;0.537860460987058;0.146651901857986;1.14852445477277;1.34424626281099;-1.35789054139295;-0.0799028999261063;-0.421323669405857;0.666296876243667;-0.397757890226195;0.782188567939693;0.0789850455356963;0.284190014020025;0.153663485791751;-0.308803791873119;1.36076160530299;0.726318851339061;0.943292917288631;-1.46658381884319;-0.796730128499238;-1.49753051593897;-1.50074994040775;-0.822077558883357;-0.528224740111517;0.430602265245281;1.06421964894788;-0.428310586596539;-1.86807429693255;1.17832687116825;-0.553485255989003;0.972212340005636;-1.46027746223909;-0.582421528792249;1.36686745855235;0.452014207379734;0.44418847130856;1.12683017713058;-0.574079212465474;1.34109000517362;1.06173454137507;0.360335281992809
-0.320798734310844;1.53659360759097;-0.12167953822027;1.52083003144005;0.133371600492364;-1.60535456211895;1.25333700931311;-1.39039083161113;-1.13017804550492;-1.37812162133304;-1.24306137079439;0.89292831340075;0.347659966774822;1.59067131292897;0.752715378773485;-0.3739995819861;-1.08928354293828;-1.04433897190879;-1.50155301425399;0.658658397151542;0.0731259984229751;-0.0409734288042596;-0.520338671729377;0.198839597347846;0.547462569038739;-1.10334786424985;0.498806765746372;1.3177353218814;0.84303653842206;-1.54968176310084;-0.436166238848606;1.21390171940161;-1.01061092096481;0.421137055184256;0.570741743283752;-1.29001205316841;1.07687419638115;-0.258818765412412;-1.29341485241738;1.10688174251292;0.112996283596782;1.25344292551391;0.750846471509798;-0.809423753495025;0.648522192027365;-0.604088772427071;0.857763532187;-1.77314452868827;1.53277965040179;-0.771858086572608;0.656183415532548;-1.16470889486431;1.29216513135567;-1.15972595884261;-1.30653617443149;1.34942295926511;0.262998827345933;1.30872912920358;-0.820565989573109;-0.557213987232204;-0.474913063093632;1.56484995220341;-0.604179105261492;-1.3744297343785;0.687292882287265;-0.827714825424311;0.109605782391141;1.55577117636226;-0.774003882329203;0.24879397996748;0.178374486404446;0.79878348724583
-1.48748645841682;-0.904196079133803;-1.18166227428932;0.568404201778786;0.96900198081159;-1.44623106632947;1.32179604438155;-0.556901047531051;-0.236710145932048;0.598396681544074;1.56374273076748;-0.0791257300431572;-0.489087422461687;-0.993085440777953;1.704784045408;-1.59056084197225;0.0371656581006401;0.982549903705;0.184101723999165;1.54640851638889;-1.16507615099851;1.02635341572327;-0.113256529558595;0.288409740870181;0.171162053296819;0.447153015154711;0.242149399676595;-0.22210219009114;1.04956074377422;1.06573626412656;0.755223689888528;-0.420341706285561;0.805655132662111;1.63844345273022;-1.35233105853625;0.59777833214178;-1.65301710011497;-0.0246609469572843;-1.2163784556398;0.0785909489575622;-1.61113386464974;1.60175129497372;1.55311518007891;0.802872753485815;-1.58898217759636;1.34710279517662;0.962822395492593;0.0629551223264286;-0.667305302937767;0.0647498535443366;-0.0717666629019733;0.11031274914459;-1.56638913573654;0.528496811224066;0.349909102922477;-0.728354698871624;0.994545625693258;0.315413160108961;-1.34707830779113;-1.22247149061622;0.097104709262401;-0.20042222180041;0.179023383963193;0.483038765209859;1.62865816692401;0.239763980779944;0.900704312563197;-0.342045699923442;-1.3850748385148;-0.637314743006879;-1.68186419813038;-1.68249385121517
0.577193976931612;-1.51229154918638;1.53400743760086;-0.856059057163423;1.37979911771164;0.991162946533456;0.256261476711757;0.731839490560457;1.39087066694721;-1.43874644631639;-1.17323725419104;-0.634643020017585;-0.482237784083521;-0.973904536737633;-0.473709330767067;-1.34096640771519;-0.331490043043974;1.28276712020256;1.50954942040199;-0.0591614977738664;-0.297670674346972;-1.61152255329334;1.88709248149409;0.497509558869936;-0.197548537090317;-0.54953764928493;1.08133712359737;0.0802602359633015;-1.17204412968267;-0.315186977047146;-0.172294012002351;1.87563723869657;0.125729249483402;-0.0099023781060655;1.56192300180861;-1.54531962548232;1.02250812970579;-0.28885325444678;-0.0777743211503825;-1.4926495536706;-1.43560493753896;-0.0473761567472675;-0.582034564463854;0.0415045825649774;-0.520972696934582;-0.680834036564194;-0.529794922171187;1.10533941968752;-0.781141217827002;0.745814749224981;-1.50407737537122;-0.636228948375739;-0.116655667974431;0.409467768296113;0.647348474459384;0.571112386479323;-1.49381256320621;-0.581106265014704;1.24706094740115;0.311732623250936;1.81539729041034;-1.44160290299717;0.286279476497496;0.0884535002487315;0.639119033160215;-1.14330302541335;1.14519919797327;1.4332360614968;-0.63025607107199;-0.545993849030374;-0.45790306994672;1.86293467887706
-0.454691012711674;1.05388375514845;-0.440078127207244;1.30262273238441;0.586595432810388;-0.008965377154106;-0.769020795963286;-1.26083124141194;1.51448458961105;1.51057032725628;-0.913367670820494;-0.229758698646713;-0.612426976047;-1.27861312993343;0.12584682855088;1.27188990573776;0.928656758169855;-0.794449204613824;1.48529526504808;-0.231323034378192;0.121223215087894;1.17469571334434;-1.50724955471394;-1.69942693904041;1.22601937682676;0.91649263511497;0.983458669935938;-1.13305823366976;-0.145377000650377;-0.271268877288958;-0.110041130356995;1.31654196098959;-0.598801556300584;-1.56143468557534;1.18419813172633;0.153076867563302;-1.10705410987419;0.606407200670585;1.25237857418519;-0.0495901642085702;-1.68838350612949;0.483391775536146;0.0861365585811199;1.47181926593035;0.902789356412959;-1.43057543651594;-1.22969615605814;-0.0574847734479649;0.137692728527984;1.09463193697864;-1.53501359936272;1.52944500309565;-0.672868053788451;1.12469984929029;-0.332715427669486;-0.096759875115223;0.856194636999045;-0.445589861030174;-1.6283353173057;1.20272964863621;0.540202803850748;-1.34090123515687;0.417172610179229;0.0808147940366651;-0.0843272152500709;-0.697282780869288;-1.33589581520947;-0.755930963334998;-0.930184410718965;1.50539681192837;0.674005342748614;-1.38268911536407
-0.442505156182427;-0.0663441530861626;-0.151408546719395;1.3988644954205;-0.554188607093762;-1.46146515932959;-1.04955704434844;1.1597089235689;0.601823893183618;-0.606233628970172;0.405763907279081;0.439365617614955;-0.362706921343529;0.0027282390374726;0.43046123554658;-0.0891023049095361;0.451705486350477;-0.343892421751835;1.02619949627474;1.07172771222758;0.698615068096334;-1.68974038277439;1.15006600159251;1.41491693346881;-1.67162874549502;-1.7381909466192;-0.0431053547896662;0.0049063553482652;1.69123580073253;1.27688691701551;-0.790127816751218;0.299792009184754;-1.28425361542661;1.62822869545213;0.489742287159395;1.24513504494767;-0.243749695048617;0.151720712956654;-1.17605203156247;0.772824803300915;-1.06196245630915;-1.02526480699357;-0.911693844672416;-0.427792764409883;0.0428519954592296;-1.60786672397545;-1.17344069059967;-1.71937970647438;0.721643821572142;0.543189241958094;0.636295814864573;1.24143086483814;-1.00524756820944;1.5792254839857;-0.29567423933155;-0.496772525953557;0.578312558659039;0.228397233149504;1.32648548837;-0.560005413020083;0.376362908797789;0.740259313641008;1.26319583617408;1.11965968950582;-1.56011356476447;-1.63803585445119;-0.0203885195039507;-0.196212903457956;1.30770866521579;0.980048903936616;-1.58936036240644;-1.4440229791517
-1.01087484797579;-1.63413429643442;0.390666889872191;-0.0506337211773396;1.06583960637876;-0.207875268539327;-0.429482542674896;1.83501060737981;1.29552583223192;-0.101897310462389;1.131859741342;-0.670714764567884;-1.21716371099344;-0.283993923243799;-0.50165821290174;-1.17984011012706;0.164759351857599;-0.844658804540022;-1.18891667563647;1.39524491153832;0.638637060860672;1.24028779529643;-1.48005210162874;-0.0370344864971942;-0.560636541638722;-0.283773012057981;-0.687648909246206;-0.0969293054643732;0.194210233755265;0.851353029744611;-1.35602131636841;1.62541093879913;0.389438683372302;0.333194394512605;0.411760958944388;-1.3842955082533;-0.626029613491735;1.60695250267994;0.273928253425671;-1.10531173772318;-1.26050770506838;1.46811661330005;-0.0238497508603371;-1.42875740051645;1.53999497774879;0.095038293540893;0.486921602535432;0.478712335328142;0.612466692505118;-0.778052887795998;1.49866349462016;0.316915582066723;0.308335920331411;-1.23202065632858;-0.318907522439983;-0.34749046367646;1.74958998479008;-1.4792772302784;-1.3969757861864;-0.557365988211041;-1.4272049659409;1.57111894238524;-0.266178233023235;-1.46280580416048;-0.652854600741763;1.41012098213863;0.84351873165558;0.353314074089724;1.20791729740758;-1.02434131129622;1.34986168296044;0.461479028773429
0.671676093867649;1.65804468482301;0.637070529808936;0.947204102840571;-0.68917981751345;1.68883729672361;0.234766912968963;1.11284514218164;1.00322788836219;0.626145880141027;1.06164728415213;-0.967344782256477;1.12081663462698;0.143364289783064;-0.638728839703851;-0.348641573241258;-1.27246788548707;-1.17035123546976;-1.24896295800456;-1.0807700805897;0.968892249815346;-1.10169229682304;-1.58716653845716;-0.960901332734097;-0.241105996036085;-0.52257260640994;0.99826433374694;-1.77016654998767;1.02439865598032;-1.76660838270059;1.04276875510428;-0.334013842106108;-0.290242897113072;-0.905472819780056;1.29154323816838;0.296997975662116;-0.150033274105128;0.410056993262466;-1.61246245171996;1.63976314145221;0.0166275101427408;-0.783015007119182;0.126775232625235;-0.325125048024472;-1.5347980077007;-1.25680452470934;-0.853724454949064;0.895635357454064;0.0121422952668003;-0.817933684636378;-0.361286918775878;0.351058595217207;-1.69773820057455;0.39675464064735;1.13210032532224;-0.120571920765684;1.3512709118238;-0.295968448913339;-0.705630212579717;1.57111545385917;-1.2033673484797;0.110993151500261;-1.80549382525505;0.875895959606403;1.32109978999943;-0.498279185198139;1.06062077981927;0.132349142950659;0.589543716577358;0.801995849596712;1.53911436582655;0.0551977862131418
-1.13544116335778;-0.861792030266603;0.767708233552624;0.0560281754316821;0.648479125839538;0.617938229507505;-1.01556117557216;-0.613671609440319;-1.23637648486795;-1.44425464836526;0.144671719311475;0.138284275861249;0.487602139020383;-0.908390936375732;-0.297086360723978;1.14103283109703;-0.0875320567797599;-0.253067175107758;0.806937015798831;-1.40486072281667;-0.522715888570486;-1.13000698554922;1.04867052852034;1.68012648523863;-0.607503849917547;1.08452183786967;0.26846192563254;0.823087226522617;-0.342102430329113;0.868975240026782;-1.25917275858234;1.04746880567172;-0.378145665636737;1.38710759081902;0.102403047162414;1.26862429315626;1.54440082291025;-0.378583708973167;1.19303854317115;-0.741123001747352;-0.606051696160217;-1.38059426743314;1.31317554446081;-1.00278289507384;-1.39608781696889;0.170526983069778;-1.04321658916612;0.75776069518193;-1.50856053745524;-1.52861046286757;-1.14445734525312;-0.563030515989326;-1.42977545538625;1.45254966601397;-0.779455032678723;1.76053297637418;-0.144495404604199;0.853548902496734;-0.874080118936102;1.32992444215261;-1.18813584041037;-0.0726812479120364;1.49439797507154;-0.339384570711989;1.58088526439983;0.863170067822501;-1.02118220278734;0.866461702384102;0.755173170644597;0.2002565003025;1.36259916236953;-1.24656049209192
0.261442041423408;-0.0767106215814526;0.968861257816752;-0.830998045456243;-0.828245741578896;0.473439214580158;1.59338242937113;0.991569381732299;0.556809758653185;1.30711959650774;0.779658701374143;-0.471844453145676;0.431886906349625;1.08106398783494;0.938778562802543;-0.158869210658783;0.599240042931904;0.0297244950559346;-0.224184533495651;-1.01353833630321;-1.22703895187824;1.69226544997907;-1.28002579772627;1.25895443080592;-1.30016301289746;0.037495704718086;-0.981780025309885;-0.6272377183958;-0.466160203785754;-0.245188304087941;-1.76573043909578;-0.0256705580517183;-1.31788670642625;-1.65697155857232;0.876968501600256;0.267870802017606;-1.23808238891924;1.73288202502572;0.895614175813363;1.12238102072394;1.09318294767855;-0.193099501505059;-0.960045849042162;-0.851875713361222;0.894645967900686;0.248358606008088;0.950942372943312;-1.21002939135456;1.75830161730983;0.796573800046918;-1.50898644372083;-1.06109618288193;-1.41364586357086;0.646011875317392;1.61843155655302;0.411042242762362;-0.565243123195406;1.55177247832886;-1.29939333189901;0.976124205021041;-0.313339059450185;0.452061848426702;-0.310828713822175;-0.966560236599102;1.3042917362633;-0.963229039914366;-0.922516046059654;0.320300165581714;-1.56446281310554;-1.09765053855529;-0.689345121079771;0.708223669224205
0.914075739025682;0.453312270558676;-0.27535336455534;0.752987573386073;0.825673182790129;1.33368160205009;-1.36754719883186;0.259722406826984;0.868488840025165;-1.49796993241825;-0.542621142441048;0.533671027999582;-0.505319643464595;1.06865102108977;-0.386286621802738;-0.138447213670181;-1.39562156144556;-1.27013900612465;-0.918162399687748;-0.930187560798545;1.18989690791995;1.66692037361282;-0.340519714858246;-1.10220176029363;-1.60391169521201;-1.71051935170277;-0.322751180925553;0.0641470875116201;-0.594393696888949;-1.11224655521596;-1.37701315804615;1.02087804473827;-0.292400403390141;-0.381265100239703;-0.208589508213178;-0.0857710514463593;-0.843629824911464;-0.93983439015644;1.2909668930818;-0.152883444334463;1.1168027125859;0.217338336107243;-1.67103488251719;-0.540622267163298;-0.762277529855703;0.891002206795449;1.30142558895166;-1.55662415014568;1.1855857663317;0.976772781816078;-0.035580454435762;1.49311099551738;1.58860856995733;-1.46883433098536;1.21161360223083;0.99125057211418;-0.922931889823208;-0.889915479501838;0.640135393357958;0.819428659252772;-0.0603310922644895;0.312400920357838;-0.862647771524196;0.263971520000998;1.62313843232922;0.180596019522001;-0.890692443850407;1.62004066347643;-0.439523345937181;1.44357963634494;-1.01158126399885;1.2883080354122
-0.996701388319066;0.879804222971091;-0.459488791075718;-0.920625170839366;1.5510384637004;-1.72778426823594;1.32426827939061;-0.927535673553758;-1.46779466039717;-0.647571057955959;0.507643797442003;0.0377116901608041;0.554427812021659;-1.31960248426095;1.08622764195212;-0.707590585051933;0.0150240309356073;0.425720163115775;-1.0621057335506;-1.88851148789416;0.0285128912847613;-1.44415416611082;1.58275349670051;-1.09633650067943;-0.808371384659724;-0.34247397359912;-0.581505202832182;0.69423107887594;-0.075138139126875;1.34653476268388;0.512176553829006;1.40987941335772;0.140805560786948;0.296098799913834;0.477028818935991;-1.29968892865464;0.461143994858699;0.106808758769325;1.02122252184657;-1.31647344949759;-0.717685926580898;-0.483432969331505;0.244174147391435;-1.49533297285201;1.35526978405615;0.597363389747255;1.25788064751189;0.935798916974237;0.638959619724086;1.31336106789564;-0.402064536310729;0.651488476267868;0.490676577186775;-1.24837823352287;-0.762189323992008;-1.48942377715876;0.976514548312778;-1.3000288453468;1.56721003586255;-0.0433641176509987;0.533184756638441;-1.30683935443585;0.827066287615313;-1.13486560103885;0.519716210257231;0.777228206126476;1.57636995141605;-1.67854754284269;-0.117167481154744;0.449040015656243;0.510729242131564;1.58767909420848
1.31581603976605;-1.52570125212675;0.724885847167468;-1.26113569670438;0.193344620169055;1.37461748944733;-0.590639054611576;0.483604171209415;0.283704805113829;0.369008245877273;-1.73019846142666;0.501307293747025;0.00906486402106908;1.78438171062647;-0.842830921368733;-0.360100628441149;-0.699972619287602;0.232827942297355;-0.410478034663976;0.0219794920006992;0.42745471153862;-0.693503241701238;0.0276382761557239;-1.18183369328504;0.581423175244615;-0.370519855335552;-0.142239318626039;-1.19324697817776;0.921908386663817;1.22911639748046;-0.70543870934648;-1.59189767006088;-0.96256419359196;-0.116247293623882;1.48326796518456;0.445168874571861;0.12279311156071;-1.10624950542027;0.406749869713775;1.75830968138103;1.38526625763801;-0.458399597397544;1.8016771010704;-1.4058793100041;-1.19661167948771;-1.23632460172113;0.955206023339674;0.879355396818023;0.0566235571605904;0.394713601980196;1.10581291817149;1.7767485112058;-0.712820393719275;-1.08191522908506;-0.38122580820836;0.222349993042517;0.374133267126519;0.119750252027733;0.0849139234599934;-1.22310481292017;-0.270112480351403;-1.18436136485859;1.48916857995459;0.982061203042356;-0.712522333201019;1.78917200404321;-0.323097801085787;-1.66165713077982;-1.48585554298286;0.639472999468396;1.44457905540713;-1.3806924022921
1.51418509805351;-0.335699313597583;0.411260035860073;-0.947546912887444;-0.638370618956195;-0.439686301339094;-1.75531579637249;-0.0833809075079406;0.446091100523684;0.728118844528166;0.516433485449638;-1.28014004611326;-1.65467763860345;-0.626321801241597;0.860278506840741;-1.65834282963764;-1.52329915651696;-0.599741848558635;-1.70314682482232;-1.76619804620543;0.570873920344562;-0.257618446816411;0.111982240497123;0.613854371983393;-0.130557404546181;-1.0089712976706;1.03250116412521;-1.09331825380359;0.828610876358336;0.657656954655043;0.424294133417066;1.13497731394847;0.70190274628311;0.53677317099838;-1.7475080569526;1.23822910871781;0.148999724726408;-1.28691470756141;-1.03638143488998;-1.09431367069892;-0.0145793305689256;-1.718818739138;-0.0167596518631971;0.584944066414766;-0.0511743563249959;0.780137677021354;0.684423066616162;1.52912799465869;-1.08208087830523;-0.522215367899587;1.54595106757319;0.785418569936909;0.415202420757307;1.22484679697658;-0.287677027056458;0.00278378582096151;1.22778530246404;1.47287252043542;0.858477348217481;-1.39841908033456;0.203279391094439;1.01346931398984;0.763475072692468;1.46390100242739;-1.46519504793786;1.05692302805991;-0.30657593583763;-0.515983953043083;-0.647833503337958;1.29751625468167;-0.1318756978053;1.43908240760319
-1.40567839594228;1.19894704270211;-0.0417828985712608;0.606193741804354;1.59845927003445;1.34646345412952;-1.15771477419556;0.871213525475546;0.0214316698165292;1.32077020005273;1.84776078369561;-0.413139816000535;0.895534407233996;1.46788605715574;-1.09827649616025;1.29219741778871;-0.984629816301678;-0.0403423038133652;-1.8684020100615;0.422623712769593;-0.469305252409023;-1.48667422302708;0.451155795966974;0.743801975818285;-0.835081746336114;0.252398084163719;0.346108852748394;0.65689252262919;-0.699888669574851;-0.576450976018691;0.483800764433431;-0.723583274005194;1.43616688230975;-1.76371290029518;0.419567364543414;1.15269797019088;-0.467237962378732;0.982330345012568;0.305420067531747;-1.85229395998257;0.917977103080343;-1.77800415177099;0.361152327322588;0.800788559562832;1.15342660381697;-0.596795417387181;-1.14501251556344;-1.15780117547028;0.406939674138322;0.275807997133946;-1.41442265423479;1.23784209113326;1.43827886625752;1.33505492114902;0.192881429384045;-1.79874509340427;-1.13194967375393;1.07437640317972;-0.438465432348606;-0.533679734618339;-0.879386319107946;0.0453539807445204;-0.308638725438676;-1.28185827465385;-1.04277148486977;0.691603137211733;0.0106545792589845;0.7795063870401;-0.831422227876746;-0.391013188781855;-0.120305540321634;-0.106998883744978
1.24462859276556;1.55486506722323;1.10384903266097;-0.717784007231702;-0.168958505118285;1.24098618079284;1.18452805691026;1.34577390265741;-0.634297750904974;-0.534071528782172;-1.7141660382836;0.651799734393622;-1.1607836711179;0.860398763112473;-0.464496248699666;-1.85423965225322;-0.271319463907428;0.138249981495143;0.200677782099108;0.119216660554429;-0.612290045876636;-1.15972199781513;0.65442447639197;-1.12817332396007;0.18720987266441;-0.403164488243781;-0.214428142416199;-1.51477537550538;0.998355326967704;-0.241133396955651;1.26287026187067;-1.19844523163285;-1.57661474918006;0.33961257190235;1.30994590757393;1.18833974813041;1.5422121059859;-1.2304701870258;-0.13418807308255;-0.916614031551266;1.21620948315304;-0.368766273561705;1.52169954883592;1.09613012612374;-0.372925697601953;0.447387333113458;1.34407738505961;-0.452101346907376;-1.01441277277898;-0.265507563291503;-1.12486413108393;0.468947446446249;0.820986979633933;1.15721007773773;-1.61818041282137;0.454954841979278;-1.04895515777015;0.282626608019626;0.665030414264238;-1.71518976547592;-0.493981425392376;0.749907683814219;-1.60197717291171;1.17685994021103;-0.226917496492495;1.0543034875096;0.279018734972266;0.0696280511400973;1.12047714969889;-0.0828117026697265;-1.82642746407876;-0.990245025483044
-1.52460130993391;-0.633123166404956;0.744037882779459;1.6446067638855;-0.927829659151804;1.43548795454911;1.10464274466563;1.62703401970193;0.0579039686804898;-1.56128470476098;1.37359393916578;-0.47846336893456;-0.879573626424828;-0.974337715215988;-0.229307557063871;-0.983124884515175;0.253762185735519;-0.909899331997956;0.548688794190222;-0.482976814841031;-0.0985366154657805;-0.143822837917833;1.45561356953656;-1.32003893517818;-0.510806930950778;-1.44820417930925;-0.416012447978944;0.395576985000028;-1.63441397848842;-0.467292698224378;0.242206377385349;0.918557000296368;-0.165012870047654;1.7595214802625;0.452255562345418;-0.0677552755998787;-1.0901383054048;-1.20561736853293;-0.159280893492472;-0.395859847261551;1.34005224878485;1.22116824540173;0.278722483167687;-0.527130432113725;1.56416966110821;0.934550201658615;0.554207470209717;-0.832275212717207;-0.225378493580884;-0.289631044467931;-1.7474643034411;0.525038825579665;1.51040068672127;0.702226766938834;1.20011485219953;0.520791249206281;-0.187167014719158;0.252002595092446;0.343339471971084;-1.29169970270774;0.0394261796628635;-1.10300846319959;1.44937377532516;-1.28687755596032;0.0980786390760388;-1.35703728399578;1.58811922233546;-0.737525385464964;0.474976443660957;1.74001743975837;-1.70506080197557;-0.35269466859674
0.945406323113045;-1.05561879241042;-0.117732240996653;0.381240221293259;1.27064292074345;-0.0263996680820976;-1.16973681665874;0.25667433894592;-0.295563885261886;-1.57933711005165;-1.37641416917351;0.356378973131433;-0.722897624397703;1.40914783629902;1.10280830887281;0.829793431377729;-1.43743086840185;1.62159178808458;-1.87362156205027;0.358998163635927;0.153970354004603;-0.869372949897708;1.25801237103234;0.429937144512808;1.46330245029842;-0.439937004392223;1.06973140118561;0.903949325859961;1.04161665178863;-0.711436332497678;0.393585755391157;-0.258868206920972;-0.588808913933319;0.306824457264439;1.06903409671224;0.365365852988413;-1.37370714744244;-1.37909626427459;0.739586647248806;1.33479197847092;-0.768034105963457;1.5776376996696;0.508973295990815;-0.56917229256092;-1.9046523877153;-1.10713118534499;0.94108748959891;0.182023894295855;-0.95417157078051;-1.44299978955359;-1.48131257701503;0.343219089117516;1.41100010948712;-0.555375932593945;0.990325454408489;-0.177221594402015;-0.624096247965763;1.14186552996753;0.607472686471833;-0.281420942277097;0.593403846209288;-0.384151227041709;0.904592602634282;-1.57612842017698;-0.283387949965811;0.571988953224453;-1.04681298034802;0.659812833814852;-1.65188712782599;-1.25455841152837;0.211499711407404;1.63120031134973
