-0.268366056013698;1.25653495815066;0.126860043030575;-2.00098786429839;0.201452973155128;-0.339695141965696;0.186539962546034;-0.401146946084427;1.13754065529717;0.689056175150619;-0.836108496801516;-0.706461798221232;-1.18224708511229;-1.19759595479643;1.38613011008406;-0.347957410111503;1.02940492127781;-0.545450221194811;0.528647308527258;-1.41644392614665;0.106487711563818;0.13538217765444;1.2492358612854;-1.47061227718652;0.526472566093726;0.890952191432117;0.752928993386812;1.2453377916584;-0.166595256995986;1.23834534940313;-1.21184017668669;0.0568484068742223;-0.456603028106845;-0.4807007122952;1.52476548669655;-1.52288207343797;-0.903528673350785;-0.574483464386257;-0.246010549410711;1.5360677718845;-1.13001010812275;1.32894667196972;-2.03277541817193;0.428920768542884;1.30700604754638;-0.538800144317007;0.158418837701012;-1.20328492118115;-0.308521397765041;-1.17026070610944;-0.386678051180428;1.20817957796867;-0.763921644719173;1.13026568969698;-0.399485496435572;1.13622171593806;-2.07129789337962;-0.481124670027795;-0.987490480785921;0.85047073132921;0.447345814253692;0.481172120493831;1.30541826051776;1.43916525550023;-0.177700638407577;0.647013045930461;1.29011117949181;0.838423576789112;-1.18239149188678;0.830415193277144;-1.5230257270056
-0.0209231869629759;1.67973251297993;0.977771065515424;1.69262778929207;0.76456085353572;0.538548533512735;-0.797834438568481;-0.777376345064367;-0.554959482196058;-0.884869845899916;0.328406824799814;-0.070527028517099;-0.61604295060269;3.21353305912129E-05;-0.422818124204879;-0.797383347836497;0.403249354949938;1.8961015964017;-1.22593478502012;-1.06742198864275;1.55781364006567;-1.20167952905223;0.889467454702193;-0.531709603503755;0.379142560745615;-1.58784673660888;-1.46579547573793;-1.00971127305053;-0.956793450574577;0.163264626435177;1.30240305901897;1.95591051934847;0.847373104930201;-1.26140933933116;-1.5238930002002;1.94455065998313;0.691177944004498;1.8544039293381;1.26572582107694;-0.573412844023311;1.17052268111025;-0.861083463597224;-1.58556094971564;0.566684042549494;-1.0462901251269;-0.613817561193352;0.748936653802133;0.265471428629781;-0.914797403133241;0.27746968260025;-0.285532589997017;1.36156928864893;-1.10782958442928;0.72935116201447;-0.641514711904556;-0.430418764379293;-0.820910048190808;-0.101694437449369;-0.297689877922093;0.741232483676053;0.393168902782119;-1.39929827198649;-1.43175800095834;1.25840220137786;-0.210646594909789;0.349122615460439;1.0587261765618;-0.965808717740082;-0.0872499709377596;-0.390742474178916;0.488065018168101
0.416726132519268;-1.06463442645257;1.20215108710917;-0.357052134341121;0.694308577326091;-1.30705229071444;-1.367139868599;-1.17851467386259;-0.70804645087091;-0.454256273564553;0.141246262481887;1.7505375110984;0.630030652323986;-1.24321006362267;1.78569396173097;1.32848725085726;-1.56851502026826;1.2342388145671;0.76849120187779;1.03514075967722;-0.904825167284187;0.431917637862889;-1.16876579489551;0.893285160020419;0.842736468488942;-1.12334833339303;-0.953048363754227;-0.920109884012275;0.471546115389059;0.198998273283388;0.00180201160168554;-1.33769699158311;1.3284935290293;1.63676916992801;1.04628966279474;0.619045711202873;-0.547833249414039;-0.710299169414592;0.418612280410983;-0.900888820778551;-1.22483463450863;-0.706138509293251;-1.36936082659162;-0.601410200225109;-1.5392200885984;-1.38286809110802;-0.294284146684657;0.696160424479887;-0.249030625818676;0.758687907704808;0.825091571483022;-0.440248832125639;0.889528041278383;0.324405098332729;-0.399821922606577;1.8286902028898;-1.58045376376349;-1.37571920511767;0.644093105403361;0.133071778512707;1.48987778127322;1.3968517236467;0.193820918981779;0.936836984079126;1.38782342306719;-0.20564187814142;-1.26254115013731;0.837143190629404;-0.445618018183979;-0.517936881678325;0.191735368064875
1.00429582271411;-0.814659810854386;0.022673975529953;0.601910798951421;1.65114070678116;0.152035697826475;1.28956214712644;0.771122495562444;0.568200996935787;1.03288683129794;0.228515553372511;1.18783333537293;1.56438677423859;1.231954108785;-1.18105075575979;-0.338384069556965;-0.629822483048432;0.382822706615709;1.07865302544125;0.54259797492527;-0.802636167025654;0.517662046818808;-1.3345510329443;-0.498780346943643;-0.725258969091133;0.963355073176612;-0.415838013763355;-0.104969798592646;0.538075807413841;1.72799338080983;0.736338840373171;-0.494780576197296;-1.35086536302527;-1.05855121535024;1.68852008767222;-1.19413525303145;-0.727266925513182;1.5998480252837;-0.159680302187338;0.0644712005697548;-0.956027236481063;-0.236790556847786;-1.51350858754467;0.981218466123695;-0.344304911082518;-1.39485963924365;0.509299313766897;1.57045808518964;0.965169786917637;-1.4403160878509;1.27515579462869;-1.13879302247084;0.367892050983541;0.833019101072708;-0.586329250002508;-1.12796613865366;-1.09470869245905;-1.09314559207537;-0.287430146506409;-0.926814280944419;-1.04672620295913;-0.220067968829877;-1.38155322640036;0.686213765778512;-1.31805192362419;-0.891303784979157;0.924098783849239;1.00833807503986;1.38944017076534;-1.6015154172773;-1.22571705859275
-0.555766872743851;-1.26721392558919;-0.779766745743499;-0.279128272026167;1.16368018897166;0.271220303565835;-0.644744178469757;1.58880259114931;-1.13586735143905;-1.35861799296123;-0.304256384129378;0.642527515341122;0.216677155446675;-1.35987689008487;0.109965109283984;0.856930156086763;-0.508450187368285;1.26043370022688;1.08278923045055;1.64569176678969;-1.44974287237342;0.122517472967945;-1.03507347518107;-0.679507907299535;0.987879581092397;-0.644820544402063;-0.524817541963269;0.548282713891438;-1.26256776238198;-0.648039709177782;1.23272041079995;-1.64078357469889;0.824637285499461;1.52666904805774;-0.11357796534394;1.67951639915613;-0.827171934065385;-0.847134021410916;-0.180444913924992;0.152270999779793;1.1026047343749;-1.12932667994754;-1.14830114275777;-1.58630943836085;0.811703498497468;0.719213264960974;-0.0552504319728623;0.0819015151235341;0.117085784494477;-0.188864805859329;-0.523687602278876;1.37077910508729;-1.63402913155481;-1.71158063596714;-1.80407974577761;1.07015784128278;1.51630173658646;1.64818334855061;0.48143433387601;-0.019352238723911;-1.03181512656853;0.555415294633378;1.02351738143365;1.26061454473331;-0.842896216766615;-0.491325781528122;1.56633241683623;0.438450294383511;0.50214326225364;0.178890897122428;-0.143750881945487
-1.47239693685273;-0.459404360145565;-0.928460546258647;-1.2845363823093;1.20870541228124;-0.615701159140971;-1.27704695619152;0.132664333705564;-1.5367478366787;0.961334504819703;0.945573448833944;-1.38737105891049;0.516383225737993;1.38890175033505;1.37630445671051;1.49698206660178;0.547287567006759;1.27751591702166;0.415255491910122;-1.63366513676695;-0.771831368524713;0.282144449010945;1.35513464888823;-0.695414263833707;-1.28076598868776;-0.475421442700855;-0.710768825065474;0.819942138992784;-0.58609735007254;0.724629278297888;1.0494450440618;1.11695888280573;1.44638672670696;1.46172707359387;-0.896326871550646;-0.16817464698176;0.826117205797978;1.11091789184802;-1.467336927011;-0.288169402011061;0.783213225409026;-0.505289820414696;0.0918000054302172;0.420320932191774;-0.494440826924578;0.0104168032235386;-1.46311956747074;1.16913092368839;-0.75154240315932;-0.549102677064832;-0.995139672204331;0.524891437894559;1.4456900676912;-0.0893408572433625;-1.24770454290999;-0.251351522883049;-0.31134914605317;1.27014358055569;1.49941946935909;-0.0995437477665134;-1.68860293682411;-0.593799232203675;-1.06490891897051;-0.758187251995962;1.41507932373853;1.33180442900884;-1.33056792263683;0.557846015124752;0.501558019137086;-0.239191499056341;-1.11280574194481
1.03113779325034;1.05393703844116;-1.09856979951266;-0.922949821044166;1.34439186785945;-1.63956816181976;-0.85459056761145;1.41352769393841;0.2639974882237;-0.798828594727231;-0.35675294049154;-0.183276987700804;1.5864289273901;-0.026924076534809;-1.2871738940059;1.27881834693175;-0.220979565952247;1.01658845875688;0.945366595687313;-1.68930473376033;1.15724967507653;1.21579570690825;0.183218549841882;-0.363635281960518;-0.388330754961775;-1.25020040584606;-0.944032633695003;0.576551036188106;-0.300178980741143;-0.426318840188407;-0.505494497561529;-1.13637257980119;1.08520744767015;-1.24589422132543;-0.414534169450351;1.16540615704527;0.82310817928744;-0.971067360846502;-0.994095762378277;-0.425275066413531;-1.27351489533731;1.59161856307181;-0.482806163884805;-1.10594664091536;0.242160335258644;1.2230589271507;-1.04339085888432;0.893373258068235;0.979435927378459;-1.67436239083258;0.48390350066039;1.23750244988103;1.24937355494243;-0.362716815199273;-0.664714608140234;1.44077865375818;-0.969551204886914;0.89050204986395;1.0908175013337;0.754322580219317;0.929901039291332;0.194294963616537;-0.126563018806642;-1.14995336507409;1.33210247025039;-1.06065005417655;0.356952132045138;0.992053455229333;-1.45265960057065;-0.827143483635082;-1.38455952584188
-1.26347509264082;0.234380171225039;-0.52612580530429;1.46920790098786;1.44713205925126;-0.136439689508258;-0.622937091567534;1.24344083548585;0.0485823287833473;1.71752070205056;-0.219972747446666;1.48454170865223;-0.521917459349501;0.881717479018912;-0.107794947110964;-0.871516970673493;-0.434297724598356;1.27268985638588;-0.241249970645693;0.382042955463652;1.88317602233554;-0.486701258226995;-0.11423671158168;0.353018265699687;0.219185536460521;-0.113174850180035;-1.36202606603967;-0.933663972615553;-0.606723708568179;-1.12561997378;-0.455284292990085;0.632845303648964;-0.00813952648079783;1.61890708099972;-0.284391602152854;-0.88681187236262;-0.112200511402569;0.0949536375505318;-0.24180779362296;-0.274456873453481;1.46605098474733;1.80980986333882;-0.875306783523832;1.17391997479433;-0.797954509947785;0.741467672357444;-1.75131261944509;-0.252959520557187;-0.432231914918348;1.60638615674468;-1.26441405572548;1.90122539765501;0.510328876553209;0.630281440341697;-1.53317981944161;1.18648036496077;-1.80612120928131;1.08411012837061;-0.904715727560692;-0.594431182656734;-0.929151715556613;-1.84401121104001;-0.304573548033998;-0.980535789524676;0.0180669029526156;1.11043614827896;-0.662056856955003;-0.177570340974629;-0.988629010916261;-1.37572116683637;1.20393774010367
1.33129719601116;-0.433369267327962;-1.69358022238827;0.859336893391972;-1.65941465786828;-1.39122416006875;0.685657030330161;-0.742638754073047;1.33722627866263;-0.328182197830591;0.838018312491522;1.35496452283299;-0.101248667431462;-1.60375172645345;-0.223246344915695;-1.61759997265567;1.23842094465453;0.959812940272716;0.530211653467083;-0.939726870585349;0.763795231305604;-0.871360421886104;-1.42183603176974;-1.16484816150303;1.09421072693283;0.0769846990922247;-1.63230727943505;-0.738486832689927;0.157991784662642;-0.527779863413214;0.442694538027516;-1.09595882360153;-0.919155761346892;-1.37944729360644;-0.514124555539983;0.440325897268036;0.51722895915492;1.56975158815156;-1.25545556278089;0.790110077369742;-0.329342793677081;0.0544329955050098;-0.214039592990228;1.71534405746038;0.264379409347568;-1.03088527812446;1.73500746776965;-0.840955521757013;-1.3718977400937;0.951791126209254;0.0912082423685799;0.781994082986216;0.521585644835161;1.66220477198311;-1.3500574184917;0.48082655901314;-0.733364294442338;1.25282675042384;1.54668497776822;0.0451594543485813;-1.48074793951782;-0.29768719586403;0.880928272573392;0.143175083191726;1.01068207545097;0.212146077208935;0.552289225295764;-0.443632432709142;0.691931640395618;1.11798656912535;-0.353270120501507
1.13087187255325;0.233593003639391;1.19786104752938;0.869175408623788;-1.17864672526065;0.825158096694179;-1.50045528687527;0.101263527888923;0.149029185230663;-0.113300734959924;0.699463817678511;-1.24987392296692;0.697168472175156;0.861106545595571;1.12339863236254;-0.0753401626444967;-0.979207400462265;1.41403209185554;0.508528228385831;-0.743199711834707;0.751749918160941;-1.82225514170781;0.221876451780652;0.285724880406036;1.41190729585807;0.666506205790126;1.10659781240972;-1.18305462586122;-1.7949025739416;-0.0431079904750453;0.199242679920642;0.00405150593132956;-0.89342094698338;-0.61999986392021;0.167104296516122;-1.57327844645547;0.503723287201464;-1.38339878129958;1.12500316179571;0.838202344848081;-1.26033407898236;-0.999401835216731;-0.771587084704207;1.36809232519879;-0.875669023921138;-1.10233721928949;1.34140757725583;0.485604155490685;1.03686060504922;-1.79874905462505;-0.57589538472502;-0.617629803180665;1.35280667503635;-0.281391791965403;0.129394196794848;1.10923999259978;-1.83217046980255;-0.931750854537939;0.898862045731169;-0.403558998085325;1.16015421724991;1.12419327195141;0.0522790801692323;-1.65174984595558;1.12905051808489;-1.14847470991411;1.08514095698192;-0.526718685565922;-1.14988477258184;0.852790057156724;0.862530483119495
-1.25972734626376;-1.3842139874444;1.49848104304038;-1.13763986969683;0.196290404738861;0.719111436335714;0.615827539047246;-0.441217509017467;1.02116738660811;1.12530227574901;-1.02537155609495;-0.54480447034178;-1.69248638879448;-1.12071948674977;-0.813633294315918;0.396889539231047;1.19326497536438;1.04477824543739;0.836431178830915;-1.41679094518468;-0.144946216255837;-0.612197911528766;-0.0443212761440144;1.50682852278719;-0.722744500108287;0.718016571324073;-0.745218684405315;-1.43824834496122;-1.40175075528238;-0.509741131948527;0.32273581890066;0.0712628759350272;-1.49767038205528;-1.02190407810337;-0.762905988678313;-0.683532815820857;-1.43625390795127;-0.566645229073061;-1.45653000395923;-0.920171492473785;-0.444959248599938;1.58540837814141;-1.44963875439633;0.589845790489496;0.879348022471141;0.359908393943229;0.348888005628766;1.48661625488919;0.633987733623331;0.513030309804685;-1.42037525863383;0.537238442302218;0.0719644410470052;0.938517345232893;-0.322798318852439;1.20731796874243;0.514954692177037;1.84649992373061;1.43995203388888;1.33312123689221;-0.232314181135509;0.357431582131925;-0.73611105561162;-0.165735783319899;-0.894077845028188;0.758212971447445;-0.743778390163037;1.18426509278631;1.49703390540597;1.72474692498237;0.136499145305775
-0.0140724774498522;0.697323662829866;-0.0172461657546364;0.772504787976825;0.0446767804895601;-0.899212582429796;1.09650525721128;-1.10067653059974;0.666168154538066;-1.34857382460071;-0.436510328394293;-0.283369900962555;-0.132286566401074;-0.828981186546899;1.49918728093348;1.70433652389284;-0.632593641025765;1.03419441677012;-0.185485869906512;0.555020980853814;-1.44490204034245;-0.220387269157772;-0.971753665776656;1.04498767753417;0.935088947448178;0.524810300562559;0.473061996516833;-0.278890790950211;-1.58653186933969;-0.643740725914748;0.903437534738017;1.69501361603976;0.658389892030178;-1.34147078426668;0.281406544384593;1.44840601152957;-1.69124476313421;-1.64950931684427;1.27581895031696;0.280131212882248;1.02784241602501;1.09491155540559;-1.06202938320721;0.85020488477269;-1.56394608227861;-1.15120578937764;1.05619494759419;-1.10759103188399;-0.726853300357398;0.653425577855445;1.54914495910926;-1.6753957893161;-0.155603400091715;-0.677612017252029;-0.201665688403204;-1.49645019739349;-0.0336876604948832;0.642775855717204;1.54242553953465;1.22487617893301;0.332735120059378;-0.32736894093991;-1.21690965036146;-0.392856108648591;-0.547001660332724;-0.426514245428051;0.763249906013274;-0.493580771235802;0.594621968074515;-1.65198371969749;1.69281629792565
-0.730499379803038;1.5354375260742;1.29928228615555;1.29168674080776;-0.887542127487399;-0.915290214011851;-0.130707889029646;0.947964541666345;0.396946464136283;1.22994357392961;-0.136151352599672;-1.33034643708722;-0.571403930291753;-0.521776193447211;0.916229666322048;0.148471553419747;-0.394086913078629;0.588486179245809;0.0717604301943157;-0.240062435937318;-0.670574688181596;-1.57507326761483;-1.74892416122418;1.73472188406285;-0.37383440136978;0.634718914876609;1.0846730883629;-0.329558894151744;0.590988305113297;-0.228227585581071;-0.168705285640841;-0.00446021103910963;-0.827268532786086;0.694353008687226;0.553720314946544;-1.51903313401079;0.319438511156722;-0.223319384457321;-1.1351157842985;1.12035685995778;-1.71485086648517;1.51248713169398;-0.580809809908039;-1.74859906208601;-1.32308803672946;-0.824840355064706;1.07119004425019;-1.70245368899578;0.289840128250243;1.18462806634223;-0.611260938743744;0.67390523371981;-1.25489263812894;0.281150162051286;0.645268248653253;-0.958059213459797;1.4817285860268;1.35474256089289;-0.137111959094048;0.267921116436183;-0.209781143574557;-1.60378209614949;-1.44565686471854;-1.17745905155423;-0.403984241701139;1.65849101723963;1.28710425449906;0.524425219821211;0.714685650406435;0.63262969906125;1.61921520106322
1.45655505455704;-0.228494722345868;0.585649770456002;-0.47534581184693;-0.539867857857285;0.639554207190207;1.62565316955273;1.09519006240555;-1.49105350579636;1.19294711273746;0.82664185258163;1.01146200961472;1.03701810219833;-1.5584899924518;0.790011027628968;-0.69793227337395;0.526299335887295;-1.8898046643605;-0.438646470383307;-1.35111839077254;0.598837310748869;1.54044821489356;0.23400484435883;-0.61885535120178;1.5157829564609;0.996310223664498;-1.34655893640411;0.291966137748274;-1.33208702233563;-0.469311563606217;-1.39604990496558;-0.772099159856767;1.285889785585;1.19481624793685;-0.587106067475338;-1.19150447533148;-0.354756027203897;-1.334310717491;-0.908542459097104;-0.11416822552375;1.3202775035604;-1.83972183690195;-0.733566225335025;0.548749639878917;0.441120375973111;-1.12670596148965;-0.995383988856066;-1.69827139970699;0.285079822565853;0.254753228692807;-1.3379359395473;0.321504432390025;-0.940893954139025;-0.1098307929345;-1.08098239516841;1.54208254423064;1.16347613786246;-0.733997161141574;-0.365153063740671;0.0897976230453773;0.0476108607949623;-0.604815250994899;0.488774801941833;0.604233762377014;0.650494734903689;-0.339761270360959;1.35154792859688;1.46817755882864;0.654591779590698;0.0430132201610897;1.28279945839711
0.0660858198566053;0.807475182605557;1.48133178588329;-0.926592357809676;0.659058299413587;0.490236366608328;1.49131824947786;0.726715557363352;0.868289082450509;0.200577420669773;-1.48203451505075;-1.83582417938866;0.186155556152006;-0.951685836270594;0.05204364793973;-1.66970700183;-0.410888134006849;0.492066948599533;-0.370290773467085;-0.601952081207312;-1.45379025574316;0.819894383527852;0.789953378178637;1.64826019604584;0.132244704063509;-0.574779674338668;0.441669448139556;1.70985472924617;-1.04170937719103;-0.728429761311863;-0.713355501674038;-0.599779606087621;-1.59453054394713;0.759475039943692;0.521446946154684;1.48263395522829;-0.486436203823084;-0.882980106173675;0.192107339892703;-0.604955153582226;1.66264906351111;0.480454956125739;0.717313374566536;-1.80533226665405;-0.166003708767343;-0.481599519845259;-1.38156208858857;-0.12526046024762;-1.08152645008152;-0.375772822639664;0.10068191640379;-0.682611829739402;-0.654988484156711;-1.05080329571959;1.07304849920752;1.06043605367665;-1.82536769512436;1.64731620718534;0.755407555474709;-0.609051525799022;-1.79432258108251;1.59570813757958;-0.0744645649968978;-0.246170655788905;-0.928956577207466;0.931989708384767;1.57295098190636;1.24092513355621;0.341111834922617;0.383654310059337;0.630973819340974
-1.28788643018814;-1.44888380432822;-1.50995518065648;-0.426987404145571;-0.118001710512591;-1.63349427287535;0.697960967820118;-0.0325376250181871;-1.15530392303979;-0.974846620346204;-1.19918342051913;0.881371370719922;1.06826192592852;0.915642361388929;1.66236511557961;-1.67780197032262;1.18256569204272;1.39783117104233;1.18699732939767;1.36457242361989;-0.304603082490918;0.158717250103378;-0.980106389822538;-0.617010468674619;-1.66682885137409;-1.21041687350338;-0.82828180121873;0.871435789033498;0.664154186049092;-0.230524628207743;-0.761722357810051;1.25491666700537;0.320719652005748;0.749498341593508;-0.353147863626022;-0.924774115714782;-0.837866307385103;1.12951527422183;-0.613566964017553;0.890129033358014;-0.719892065830592;-0.161911874596536;0.126642030056016;-1.33000950358308;1.20628917380234;-1.12409048985275;0.547446758946382;0.539467647062197;-0.845872611928811;0.814299390596802;-1.44656983993272;1.44817658822589;0.817404729557237;0.67962010035134;-0.840443111325552;0.244516344320937;1.22234261010677;0.798175312630589;-0.489598020074202;-0.637024304311927;0.885907552955833;1.51764520339907;0.994428213545172;0.766340729780405;1.4779957620763;-0.76298006291205;-1.16878774858854;-1.41067588296771;-0.460649242287769;0.857699763991671;0.851184361674937
-1.51505075050042;0.466923057199006;-1.2682913807396;0.540870905863197;1.74867227945288;-1.53627899931063;-1.21461673517303;0.047788483883844;1.34379883774805;0.114013933436335;0.508834571379413;0.169285336908732;1.74112835556259;-0.338025240823079;-0.343474868882251;-1.1259509725285;1.52985462629318;0.0403817960481541;1.28821034954291;-0.279935225253707;0.237305642932123;0.0699055752128877;-1.54500084773314;-1.56446877477148;-0.371446629043371;0.722794437040643;1.24566874113014;-0.948796921384983;0.424285903269201;-1.52350468458602;0.413004832627478;-0.556558586827187;0.168960175863516;1.85575499424098;-1.33614936739061;-0.388453663369877;0.708379096223204;-1.2402300944129;-0.524607034279921;0.396566833354177;1.0645276224711;-0.62716217474318;0.235344198411108;1.31592422385811;-0.999417594021473;-0.020509237830899;1.33994464894728;-0.273567094780847;0.452123183961415;-1.03341233755793;-0.638095265935879;0.606571219392682;0.320230711084809;-0.239195893524674;-0.763030767782416;0.308128630888842;0.443182720560888;-1.27256379033938;-0.656423649464691;-0.542863341959026;-0.888862783838619;1.6272651428141;1.5165875372168;1.29856233796281;1.59409405741101;-0.503348026164659;-1.56841602332604;1.77845831792376;-0.570617057803729;-1.52376238988363;0.0587548878504511
0.838819890016423;-1.42575663122769;-1.0902907064204;0.16849184397406;-1.11819944683865;1.37931926807454;-1.3888756893412;0.96892749356039;1.18881682480312;0.915423134293434;-0.445769604931013;0.110511698701659;-0.508967125550781;0.639927858169744;1.35043278143836;0.648780499507958;-1.58681982568382;0.683439767538962;-0.139410571345817;0.695151375855708;0.0283916100804763;0.949666321681964;-1.98723680975144;-0.685882552281941;0.971303563035957;-0.652355119817396;0.457322894647228;1.26354722691543;1.03976982818952;-0.416325280285828;1.09887824965647;-1.70092292702269;0.0231978805512065;0.427592931234489;-0.339835675992827;-0.35222485131183;-0.981755081904917;0.740151721846057;1.48887812758087;0.0914124467899612;-0.556901561133104;-1.12152606561975;-0.708655387236916;-0.318638194209842;0.687222055455715;-0.840266886664732;-0.334451104530705;-1.70725233624007;1.4409522096583;-0.0114143507939638;1.13038865228376;-1.25792347002166;0.707693162142267;-1.10572442112484;1.18623971206927;1.43837402911287;-1.44450538764917;1.14481230663996;0.746408741716519;1.08337613375716;-1.08398919274561;-1.1032024554782;1.47837812614929;-0.400843461083976;1.36576534541538;-0.750832244081248;-1.91867174802247;0.612660403993146;-1.02622203201035;-0.30332793342273;-0.375449984760046
-0.505055724649147;1.07402586777961;1.67037468001235;-0.480336390089814;-0.586334676794936;-0.058701459870137;0.178218611004649;0.48488898285935;0.100343553161074;1.58000004948695;0.466699907787435;1.72581312663073;-0.688802535204872;0.304713294697927;0.666196910234;-0.589788278548343;-0.608124151333094;1.12258722813262;0.0644617404479824;-0.646151805042029;-0.297071750916812;1.90343435762057;-1.35890612645699;-0.559886842120392;-1.21278183953651;-0.788311402563424;1.59047384809438;0.16181590293662;-0.287299964606798;-0.660552294707982;0.926994266531002;1.20313936494047;0.0305081493685166;-1.40194085359582;0.200565348147905;-0.167487329304739;1.27612530468397;1.54483054759059;0.339807794715093;0.0738452808266741;0.534680988780951;-0.774410164290298;-0.803336974896725;1.75639222934028;0.620351561852915;-0.658701616079692;0.745463513835918;1.49132228300132;-0.726408025219738;-1.66707573867956;0.828923166279935;1.72528560843112;1.08254179656365;-1.14628210622147;-1.57021205820727;-0.498562047756551;0.653186717240044;0.450516245136186;-1.04729982754986;-1.57776855122807;0.260752726548649;-1.76334256892853;-1.00755632953041;-1.0188494291275;-1.1267394940406;1.17348857736013;-0.0844402997343401;-1.06660695860561;-1.67559733044653;-0.946061037457815;0.0440144512808516
-0.188384023043481;-0.872890433469717;1.75777853193484;0.694211939791439;-1.15020237321777;0.873914647006926;-1.0621022490806;0.694751590301235;1.26324477960208;0.37377343216619;-1.49356073572169;-0.777156673257798;-0.330873473122596;0.41399320326358;1.04152387599264;-1.47408976627035;-0.515165379504738;-1.43080655389382;-0.948838676385094;1.02120246912684;-0.834005130182183;0.769831357014767;0.157399253839513;1.59660339398088;0.502809815431547;-1.37190614434694;-1.38791590820986;1.03403342240276;1.26410112439183;1.244922230737;0.0616097674393824;1.29168634099285;-1.38415666797265;0.212787712399122;-0.610350700679697;0.887969150765059;1.02362780468134;0.063630306614945;1.52315578810594;0.471996961532714;0.103815230905749;1.51283453182177;-0.415535862061777;-0.00768060770227269;0.178980279402837;0.974765609054981;1.21466577765054;0.459546020801935;-0.265938761615085;0.98818827792255;-1.11281812821904;-1.08889261562347;1.2261120995638;-0.081578178680423;-0.67735345215096;0.808082530785634;0.736008223534652;-1.42240596517302;-1.39217897876708;-1.3618773319978;0.678249452089811;-0.329837760639483;1.19694837675329;-1.5652585542619;-1.27141743840017;-1.01894916587065;-0.976581108412125;1.22263672532216;-0.559237199183699;-1.4300263778994;-0.731419660107802
1.50771442554626;-1.09612474178574;0.584605892710315;-0.524448863105388;-0.430550471603475;-0.23066873256808;-1.34918569090686;0.0239479260370823;1.62484047900721;-0.693363292210731;0.116905555214419;-0.105030013387634;-1.22768210442291;1.05457628078242;-0.268890229720843;-1.45827135459188;0.714248414697556;-0.554318090851978;0.587239594223986;-1.36356766907629;1.15137026403627;0.0658105241599055;1.63263489436559;1.91612474139816;-1.05475530495283;-1.18386030929928;-0.269744986418343;-0.144753976328519;-0.216897060370044;0.609056519697911;2.13349611879016;-0.413290840540959;-0.253997059057724;0.355006763234169;-0.379552450614235;-1.42187763733557;-0.564723220675352;-0.889258464450612;2.03610209695372;-0.207724549041217;0.831779046713586;0.764820207374516;-0.80293521354665;1.54848753811512;-0.697631777835056;2.09155489237459;1.21559327520291;-0.422414070455651;1.22318352274834;-0.983053670747185;0.563266990797171;0.570390792100639;1.14780009252745;-1.52841160523019;0.394909853119547;-0.0882549469855266;-0.586525155488013;0.810715631975475;-0.999852406524441;-0.77684901067608;-1.49108259452162;0.937802766084978;-1.28931386196475;-0.514374889062583;-0.684624930337576;-0.999962452616502;-1.38119180270179;0.559545613006244;-0.0960301169752259;-0.377171440757156;1.24868634674679
-0.0661762735457437;-0.547996827526858;-0.813150976419688;-0.18300698063877;-1.19046559128292;-0.744987622598681;-1.46984125970856;0.86714597553358;-1.06155752910143;-0.371571741466668;-1.40653724993585;0.581397578799178;-0.839764904619899;-1.50527825693316;-0.103501372522094;0.402952182456139;-0.370209241418699;1.80830626795939;1.57605476265704;1.0734278912916;0.574467430139874;-1.44540849974336;1.05117251102542;-0.361946761970533;1.74722052026515;0.350137047397433;1.5785835140607;0.515486794003721;-1.26827192725546;1.66072670156828;-0.941489396351379;1.54364003763417;-0.069088180543583;-0.216629044780298;-1.09496791076914;-0.606566010959493;0.192029502850131;0.482210982777583;-0.12621585446826;-1.01806711547267;-0.753541948867981;1.5930679466164;-1.54367933646886;1.36510916698991;1.74022777386892;-1.39652573075709;1.3598600950748;-0.651448705246513;1.18224029940252;0.384461200880721;0.805422712655916;0.419863456693101;0.0464592998002919;0.289352891182385;-1.10238482626847;-0.168348828382987;0.246001522196173;1.3939666462993;-0.0850566401554695;0.304568222068099;-0.47840027591093;-0.140157192963824;0.587836848208443;-0.87711336992125;-0.97766339969589;-1.10500642682157;-0.897095295237841;1.22203500090885;1.43486051458443;-1.0445164161432;-1.33665837497459
0.800880260899324;0.130233866793166;0.860427347659443;0.0111707915183104;0.616914507391233;-1.90254238344192;1.3969950830735;-0.582629122112881;1.46887532014871;0.626742088113779;0.457370959259112;1.00641797753394;-0.0850862059743163;-1.06448768777557;0.237479070143051;-0.353914020137896;1.34772757807843;-1.03077678926882;0.718740263014856;0.800717186184868;0.413956260875587;-1.38335117259697;1.26764205645388;1.14710610559499;1.0654985224039;-0.8985146154504;1.00662558774811;0.582177352795169;1.13841498988333;1.19164881452013;-1.85875482792231;-0.56506581918387;0.453744894403084;-0.106008107161967;1.53715412645969;-1.97488475502984;0.637415497036966;-2.00030015067052;-0.390870938141855;-0.593274264355798;0.321746008918277;-0.183665092106513;-0.116623921106316;1.15683381024753;0.459439164849567;0.284835726914157;-1.57361392290686;1.53991241192685;0.126634247950773;0.5770554117913;-0.894423346658083;0.0741499293299144;-1.43976393889479;-0.510611834837658;-0.44725938865847;0.172900767893994;0.607122649162469;1.45785208088764;0.690203107937594;-0.495901542760669;-1.16463713236685;-1.19651293532397;0.0234867268269724;-1.73410415997372;0.474166250433792;-0.988893887159319;-1.45865758247144;-1.99040876441465;-0.857110975412075;0.201033159570591;0.753201321648326
1.47981490815979;1.27226609358209;-0.341050982708086;-1.08606590736179;-0.979953600349436;0.711681463376538;-1.4153247368211;-0.899423209254529;-0.816254308492291;-0.910662809650696;1.36761859392743;-1.10701831471036;-1.01238356150831;0.351211298308526;0.115899522137887;-0.73215577990951;-0.651971474716902;-1.20923282029333;-0.294332274873842;-0.464611875668928;1.11081220259187;-0.561642877468214;-1.42049184992689;-1.00343732805675;-0.156600595250291;1.65929062555625;-0.0678641023295204;-0.903894301194308;-0.219137356785054;0.0448330558985242;-1.14167201488884;0.629304034178948;1.77801541608185;1.68702011287708;-0.150803419418765;0.922968678907181;1.18234850051941;-0.60064510003781;-0.650099469728028;1.57186905947929;0.728236224788845;0.973166799655165;0.203467069889343;-0.762892355208409;-0.280267161863;-1.1931140190042;-0.196667550248982;0.226849189158242;-0.921894812993473;-1.3822967935552;1.47637185693025;1.55807263690052;1.65671330368625;-0.585654291467537;1.6917180027472;0.527034007696831;1.17833416557781;-0.852037432582511;0.915087216988343;-0.794691696805847;-0.734878212225111;1.33312209347305;1.16426667663036;0.983465164709022;-1.28341457269303;-0.776109218182686;-1.04048120169238;-0.854851145285556;-1.01240906020388;1.03748337233054;-0.0699517513290804
1.50676391869725;0.974613953035929;-0.395111583868809;0.310520511220112;-1.81520265832857;0.758763356027593;0.871427589480222;0.80271362486196;-0.873245164386774;-0.0145182910419338;1.25170964498209;-1.94058302475478;-0.740528059900137;0.0603875785394653;-1.26861287237871;0.483890063805921;0.517531655125119;1.55562765584193;0.850219501483033;1.29294368464006;0.1724628443644;-0.0278419629455633;-1.80792282090275;0.457880500811204;0.926668174222229;1.36029002609775;0.743161508205587;-1.41397169186024;-1.43983495790441;1.40060109989352;-1.26971117395514;-0.660781261548232;-0.492755098824577;0.185295186483912;1.22850725481504;-1.67372265613815;-0.200627866868917;0.263876164363813;1.25614594392144;0.98166109843576;1.55151871503594;-0.507469828479234;-0.499672063164847;0.369856833604777;-0.833690309761417;1.00574021470864;-0.371264671162247;-1.36164899146182;1.11180039305495;-0.109078245311884;-0.419765148387537;-1.26333245447544;-0.723035145368582;0.982399793705597;0.942357854633557;-0.424840554192707;0.823090338103159;0.707558666061704;0.944403087739599;-1.6149419336846;-1.94384458801352;0.325952845504935;0.283102146930848;-0.713295513538576;-0.704253552922317;-0.0469555293052001;0.112722824811517;0.634727504357667;0.392431074466139;-1.55433665207608;-1.27492850516068
-1.44201128864809;-1.39612068083461;1.69729340050951;1.5699813423353;-1.01513517955702;-1.22353013999046;-0.351919798345849;-0.402637679385797;1.74973653713241;0.0379643924736314;0.411744625910029;-0.700401164296321;0.496293225840179;0.126900725300595;1.82253199354569;-1.63368181824485;0.351692163896146;1.07079332060059;-0.0403523778450535;-0.671401385585916;0.919457124106618;1.14743659945463;1.17909863716879;1.23359290399955;-0.468735358541395;1.03723693216854;-1.48209957476313;-0.620403639187796;1.04107951844944;-0.80175107469307;0.821514062853092;0.0723750956778357;0.973859845135559;-0.528534869715367;-0.408190484114693;-1.29883362505742;-0.326248424866508;1.50889473874875;0.528970216817046;-0.631754169612758;-0.253680253902667;-0.318656368954486;1.29108945193919;0.439920649981288;-0.263224351852532;-0.403034867553458;-1.64264016225629;1.25389756652805;-0.432679036985593;0.156813468697896;-1.668657808404;1.65992198539659;-0.99651202195161;1.20997686114597;-0.101080928224268;-0.760528212863218;-0.746299642763892;-1.23232267336724;0.342693530999502;-0.223452436486055;-1.43745373510453;-1.42753932903525;0.385202477404269;0.855464441948283;1.04537000486005;-1.356653639645;0.15465866580763;-0.67119507432165;-1.16093196046191;1.42534244872591;0.521486281861164
0.579986630742683;-1.10689842410103;-1.06109484147716;1.26316121155953;-0.463626169989098;1.51636091452204;-0.924570874184706;-0.224621072115405;1.58837769382199;0.868356198327187;-0.87859265625043;1.47564495144097;-0.790530355332878;-0.806567868604999;0.874507074723652;-0.619967020955119;1.43093731567333;1.25416949402278;-1.28195567923059;1.13861351187736;-0.770382713797768;-0.530062786928325;-0.912334706116984;-0.86311449580891;-0.522988017996817;0.9988110847443;-1.20501020077982;1.08972731220513;-0.597293582739279;1.13384682818253;0.751599852995924;0.623490336646088;-0.0674693265055948;1.31217023416949;-0.513094569250699;0.992379245987264;-1.50758759685261;1.46317558902683;-1.27780662231074;-0.610487616256998;-1.41295128440345;0.694624091600878;0.336713949099798;0.533697932847981;1.15908405457302;-1.1859940667337;-0.501646455133777;-0.05115446911042;-1.55678396409762;0.975106095504633;0.320437134757672;-0.265765214027328;-1.43862715309457;-1.4698504698807;-0.395887447026778;-0.497415687613714;1.45451178753389;1.45109515984969;0.178684124271628;0.186638250784541;1.11390601001713;-0.365222680871893;-1.23479259466085;-1.15293423964526;-1.49070875995346;0.146992512621421;-0.0643508273381608;-0.453625083984424;1.35560220616364;1.53120333425433;-0.719844529387235
1.7130157583583;0.919434536375729;0.980296496682891;0.941888125587686;0.0707000872194495;0.756423283883522;0.0924492882828978;-0.567982794312743;-1.22287858835632;-0.262947045362018;0.427358035135018;1.05072084250736;-0.0523993486612677;-1.05047791292072;-0.816693391009493;0.380857530799139;-0.375367439405524;-0.0249846963908063;1.73199701591128;1.22024803084647;-1.64143091479778;-0.510498873641198;0.0713442039817147;-0.22662291456551;0.549006606956272;0.228748795681211;-0.275337299868275;0.337631405015932;-0.822738186573895;0.464281711000706;1.69492433028076;0.137469491634643;-1.78964667355507;-0.0400087030532653;0.26396608420427;0.385610924045762;-1.01964791512287;-1.0170293742172;1.08519233302915;0.283092054617571;-0.548351073719853;0.108164688086553;-0.695444878032271;-1.64625897718954;-1.27368032017475;0.140321167421366;0.246693967350206;1.33860294192991;0.717643258360349;1.39731283968111;-1.82153564451102;1.11469515921275;1.43154621529297;-1.58824187706936;-1.30683399423602;0.240663166275354;-1.13476113333013;-0.775932054475746;-1.58996994709273;1.59192027741008;-0.951090881972349;1.50478686913881;-1.72809607346299;0.0628086865148166;-0.207902389770942;-1.69296292222377;0.85751605033828;1.73757834026384;0.435524988746849;0.547664670816584;-0.582346019802142
-1.01684821893451;0.736866237669441;-0.30221571249055;-0.0191983070655545;0.170804614550754;-1.42116766101349;-0.0643437507035898;-0.657961524478141;-1.22309661167411;1.70379238570212;0.290896987634518;1.38326360844756;-0.24567806457342;0.438682359507038;-1.07123314205145;0.574064336486632;1.54138006721435;-0.463406390830555;-1.56426633172137;-0.238947640390803;1.50392311702705;-1.07768555975452;1.27108495248712;-0.49230386893027;-0.0979139944820969;0.040700902879675;1.04841547318847;0.446336902137968;-1.21371520290349;1.08476371975373;0.399835338451685;-0.785423012020684;-1.43441794905028;0.16764773150978;1.2944401419878;-1.164475645555;0.155106794479533;0.503319496145636;0.562440090056846;0.219799108317321;0.949920350225239;-1.44337391156214;1.70568798263053;1.59564857301173;0.757278392899859;-1.46553436705132;0.605989754374152;1.50707350935697;-0.527239525645608;-0.182650127239211;1.1079107925602;0.587220227610497;0.535404184202732;-0.690639989491469;-0.129306929392193;-1.52405849416207;1.18546009242997;-1.39480767854236;-1.50618014756554;-1.45479212331101;-0.749904326954306;1.20899815440609;-1.02914215655674;-0.588181524180186;-0.280938787731648;-0.508575835326882;1.23278572251576;1.30635301116445;0.86392102476689;-1.49165333147853;-1.16593829297498
-0.772978198605513;0.595046791351371;-0.24100509886469;0.415290746333627;1.33224580023268;-1.34289449082883;1.36831796045893;0.348344014655423;-0.409588320710427;1.10288172736825;1.22045844268588;-0.84408178844828;0.58929249574214;1.70067561443296;1.51957840610143;0.269785622849315;0.90607029924569;-1.59016034575038;1.19022595470386;-0.864963292609512;-0.208581308924155;0.298181343252385;0.306707679081452;-0.848352352605673;1.44052604741817;1.26944518443559;0.611742430976926;0.151625306810691;-0.521800995308758;-1.24911010422174;0.953941621737305;-1.20842451418121;-0.854184974749174;-0.833373118117342;-0.0929885207970725;1.60864271039568;-1.25623735731743;0.379363229401435;0.0813633734337042;1.2185776234306;1.49502211286547;-0.330142171057834;0.304985053566544;-1.1508218706296;-0.491152425822318;0.0895792825531151;-0.167888717989372;-0.793045574780926;-0.27316645198701;0.725621813865242;-1.63434338810808;0.943006397988932;1.31856832145537;0.776378052846477;0.479146510238858;0.655039245979323;-1.62925897762954;-1.31025083615848;0.700963486752675;-1.85479747410238;-0.22843813396853;-0.700905436251226;-1.04745307993528;-1.07807630638815;-1.76865798426852;0.511284866967631;-1.90749490359857;-0.49493247603998;-0.12393395466943;1.63713448354297;-0.391575109732714
-1.14438964448422;0.290927733407091;1.92245009499907;-0.392652927528742;-1.54666346444727;1.94384528364471;-0.220166468857236;1.59593329084542;-0.325993607767365;-0.24021893393228;-0.272534088133979;-1.24558240084517;0.712021871455736;-1.2848604158226;-1.65650479405166;-0.558476315764213;0.331598023687528;0.647386572836391;1.2078763248668;1.54758326544869;-1.61373195327549;1.63128056730841;0.255071449863431;-0.230605720947274;0.512996468918986;-0.955137140157978;-0.294106697320205;-1.05390668337244;0.955270500310814;0.315552927772528;-1.34263739211976;1.28623297530923;0.0538433892578674;-0.558086219700306;1.70887440714156;-0.785329212747701;1.57401095378038;-0.267195542648473;0.591690750768079;0.893790948887219;0.789699594763541;-0.709653713345636;-0.408734757632963;0.585812576269081;-1.38500666729235;-0.88107597898374;0.435192290304413;-1.21629478471246;-1.53033602878567;-0.364585894292898;-0.0383281989311955;1.04843095656538;0.856309436921311;-1.35277785797837;-0.205789176566089;-0.825069454479619;-1.63150620618845;0.485693326214235;1.04495136086528;1.35907443302372;0.570589491232807;-0.833622275216898;-1.02669969919751;1.30905422177311;-0.564944031544628;0.391833693869797;0.651174967209972;-0.397254398576066;-1.04313406565116;1.07942517600905;-0.181886512231591
-1.13251394508086;-1.68579886198685;-1.42256255807263;-0.970439703207369;1.02225138843768;0.335741574978988;1.60634289049887;-0.566484742556382;-0.322317595438393;0.526879326246551;-0.803053341351535;-1.25717341664028;-0.397925758639299;-1.38202033733057;-0.492630983007385;-1.30455155777091;-0.309533411615507;1.58438263799943;0.838934991373822;-0.880490215735176;-0.633807621219365;0.606528364348535;1.16150999848081;-1.41327548121547;-0.0887680202766595;-1.41954641446963;0.193277444744204;-0.570197439879818;0.133118404879016;0.382295713319826;-0.894478066905438;1.76687911717956;-0.715425977090221;1.75716153241503;-0.692973903616383;0.967455087063151;0.508493538192427;1.49167366946776;0.667485934696382;0.723099301385768;-1.36906552801098;-0.725152231123898;-0.399571043808747;-0.928752720149984;-0.402095024884289;-1.37852626143381;1.25135430477076;0.929188476525881;1.81647659292667;-0.082705623193684;-0.813517894099514;-0.089701951664738;-0.00224907983011823;0.193722035279432;-1.33793134025441;0.204245594323947;-0.904020956714323;1.93400082689617;1.06161622082263;0.699258402757056;-1.60007526991547;0.434000930228444;1.24368475631794;1.23867459499512;-0.321182006998259;-0.62664455477776;1.40154046420328;-0.211799387300989;1.25424147003915;0.4832018336828;0.130242807789999
0.134366960727416;-0.816881674257793;-1.60430512743156;-1.23791116287958;-1.62837926227369;-0.729197589373811;0.336508522329896;0.910943878866464;-0.45036786967534;-0.720520689998448;1.18152701451919;-0.441132784213653;-1.50601902794221;-0.542713155084804;1.11383431581201;0.0208411140487615;1.01123928461523;1.32423207471192;1.0229647235856;0.121446553069304;0.50367070033635;-1.29543279667091;1.87367806187017;0.565455197135473;0.132539238298393;-0.0304091518608467;0.294554086902493;1.30768241990937;-1.49744207230439;-0.827828213766641;-0.27992436730243;1.58539045298401;-0.407592192951112;1.69558650581435;0.965579374255112;-0.994756970954636;-0.121369476109429;-0.295128610583615;-1.41023845092361;-0.793497782021661;0.67447550778144;-0.733332013062987;-0.229553071126447;-0.315589154823195;-0.854747410521671;-0.855718691428678;1.00506702028164;0.0368362809481511;0.470066197315242;1.26279715913696;-1.3570229785766;0.367188887778848;-1.51353973893928;-1.369934739707;1.52396940390882;-0.288369030222738;-0.785650112491161;-0.264850700930228;0.534459222458827;0.306939513223959;0.881157947360499;0.933735726057329;0.690217163549794;-1.34070844352976;1.46431330094078;1.50104618517198;1.87136903237426;-1.29669591011975;0.396617094296886;0.390422499145585;-1.57595819746287
-0.350838715281998;0.976697987109949;0.123335410986807;1.28864569859656;-0.415319252425732;0.811909498676724;0.469887490818836;-0.245020158846445;-0.646547612920037;0.840172056397745;-1.32564364300136;-0.78658124276414;-0.763134467482076;-1.0732838902402;1.20118674487927;1.31549267400901;-0.670638053843228;-1.40568119932995;-0.399566864344741;1.60834905590644;-1.43183576881811;1.03156189136097;0.206475198983238;0.246003049514227;1.56172745849443;0.479426865077495;-0.532304517006872;0.148167719545158;-0.387169593435777;-0.732317464423854;0.574461339803006;1.46828544917282;-1.49117790418929;1.07363915762339;0.924070516589928;1.19932795973265;0.304401424138332;-0.727416421776587;0.298722172719363;0.754722432537845;0.634481523118803;-1.5344296406426;-0.389879075155374;1.27984723216055;0.611501412758457;0.121314303037951;-0.12850263819194;1.66168136913708;-1.37323898902821;-1.45339873639038;0.87697697842402;-1.33295203501317;-0.764995211461758;0.589274408622277;1.80154960697456;0.42033015784366;-0.794990364077013;1.68006312595921;1.52964900458876;0.9079846469834;-0.220999136520127;-1.24349338093005;-1.42306371761439;-1.47944330069991;-1.29950243560898;-0.991198327687559;-0.860616490778575;-0.034042860618838;-0.194623642343498;-1.5633543670571;-0.554121902333045
-1.85408065461838;-0.0171150077145598;0.611814819367993;-0.805598610787249;-1.80170108783267;-0.293900592160068;0.704325233057603;1.51361713254659;-0.272210226382964;-1.22396518604359;-0.576840817018492;-0.179612593171766;-0.700004200221089;0.091620334820602;0.261697885530714;0.634252715471238;-0.447041101164359;1.09928166843619;-1.34308168134318;0.36105385006684;0.358726024436706;-0.648957867126445;1.23492853482955;-0.803478943679017;0.228041716446767;1.8041595471043;-0.67332586181684;1.0299036006991;-0.0866725743889637;-0.796380113036427;1.82348786393476;0.203267142588191;-1.70164023091596;0.903363338827287;0.808179891727097;0.295139855418303;0.315538963826601;-0.569224344145344;1.81283800066949;-1.27407153532657;0.188735942477554;-1.64137226946272;-0.0275091114411682;0.213514611587082;-1.72434491181973;0.559912984046232;0.875006915761921;0.0189252016702072;0.0545689409169451;0.0344894575217629;1.26507378646137;0.66374921587946;-0.927949692715636;-0.346441456966963;0.809713235086506;0.726358262323953;0.679437507271781;-0.503699990032876;0.897840722581874;-1.67437958512109;-1.53956848342311;1.6059026821744;-0.318704046144338;-1.39482386642642;-1.11597200016246;1.15137309020921;-0.396966115335693;0.328113510767514;1.2149214929094;1.8980390799283;-1.60028000143525
-1.64348379519749;0.993326474771479;1.55707283222276;-1.59963397472012;-0.000982773242342953;1.0738875142796;-0.856980001758827;-0.944923340265732;1.32716378462182;-0.937675486977223;1.01196093093159;-0.897282803148856;1.51145866781416;-0.185599659634884;-0.735995561192348;-0.760941900788164;0.432119850578124;-1.66844004140186;-1.67878570702621;1.28130953276282;-1.03381046789887;0.334277032756998;1.29971235431725;-1.51813578917487;0.377920142758783;0.460572395664985;-0.554441040076402;-0.587527075513916;-0.897788222101901;-0.913424788273954;-1.27201498205783;0.571364828896375;0.00505781935678046;-0.320514258145838;0.927698528723465;1.13272744336046;-0.823183635670594;-0.525648187224652;-1.11307938580224;1.10692682697075;-0.371026617109422;-1.31790354242965;1.00363610367617;1.01870668524336;-0.813018450042991;0.479600376442104;-0.24469840415719;0.51114168038195;1.30543278640495;-0.0542906275307751;0.766189218460506;0.133151139975942;0.91913520108237;-1.44347756246508;1.1796521813536;-0.360328910105294;1.31104603830342;1.32485838335231;-0.360122199629716;1.15587674894186;-0.122021683689319;1.34797899160428;1.57029679968536;0.490238334850457;-1.41601074296472;-1.30975413601011;0.715091295343554;0.0816226879146759;0.504133729490843;-0.251291086703617;-1.68810850316289
