0.147733571078768;0.153593496688642;0.181948425032209;-0.0317937406350514;-0.0957897960398637;-0.00497756594751153;0.143845651173546;0.0231485003259069;0.0809224132559385;-0.0379533397656266;0.107301833439828;0.142802056590873;-0.0450290880532142;0.025774486938089;0.188451943084936;-0.128280754348503;-0.0663973840545488;-0.133597957642133;0.15584949570709;-0.0354827721622653;-0.200063117423841;-0.099945290019513;-0.197916161055533;-0.194888384557986;0.182570045953207;0.0236331952006179;0.149544641913791;-0.111400496701081;0.117603554012964;0.0260752197707722;0.0630008081855713;0.0622497893286339;0.0213255550602812;-0.177679771029284;-0.158050814813224;0.0460955883918355;0.150668558244566;-0.146899357796989;-0.130394026638479;0.188019414074069;0.112552689925437;0.043635699084918;0.0466945885601128;0.159301048450318;-0.00348990959339664;-0.187894257829182;0.107035651097461;-0.104464030884543;0.131512836407876;-0.201949242931271;-0.109860234146961;-0.067773613969327;-0.0739712275037855;-0.144906162962086;-0.165608451001113;0.0377875856611916;0.141618382307085;0.166945534153105;-0.0104193045939909;0.0845214907537856;0.0494222741329647;0.0453548724375379;0.10948942830721;-0.155044081951923;0.102990334043069;-0.164839231325896;-0.0884147739064978;-0.0772405924610195;-0.0260659736857766;-0.0675349207439891;-0.0750048305988022
-0.149419203501078;0.191785131309607;0.161847455664561;0.0420951053359216;-0.0567773563499786;0.0435375048604505;-0.174103818820119;-0.00272255608941808;0.1502701555093;0.10889627979739;0.0299079229463587;-0.0559655232523229;0.0976507795769969;-0.0921261608525407;-0.0974603237440553;-0.0918310184909531;-0.0608135832198668;0.182620278300986;-0.00731142261532277;0.0963693548991625;0.178273540175272;0.0540381500799844;-0.0270284973818571;-0.0893751863445036;-0.163169658808662;0.127033693191123;-0.0241155203005396;-0.174421978871309;-0.065859763578342;0.0922799344148965;-0.0421637389769297;0.114068555236936;-0.0268967026008434;0.0638936720019124;-0.212437496849693;-0.0824251564277646;-0.0588929984486864;-0.0124551553390082;0.065020542734152;0.174924808415755;0.0721617955225597;-0.0730426948624143;0.0183681270437806;0.157867666519638;-0.22713885000651;-0.145469249896292;0.194918674649165;0.111288106884785;-0.0444055580163256;0.100869228667949;0.148839973184147;-0.0830448596252879;0.159778155470487;0.0132373203719741;-0.0763873591350435;-0.00836081272157999;-0.013808054616624;0.0186009587009772;-0.0273569191635035;0.0112854913183811;-0.164968658147098;-0.232303523256898;-0.169484475819164;-0.174631462213684;-0.081561664533768;0.110935908568906;0.166027720208003;-0.198864575733003;-0.112310347310936;0.180061373543192;0.162158520817216
0.157047026864812;-0.0880165141334077;0.0317086982793617;-0.175451615331677;0.0371707996229155;-0.164720291671146;0.029218430794516;-0.0691387540738828;0.185749506027393;0.138765986014057;0.0755540568915352;0.0805976370915498;0.0462267987002344;0.14936856055994;-0.159841586990952;0.159526897479748;0.164746833259358;-0.0667819583667447;0.0112613513531531;0.138080564389102;0.129769924499255;-0.184163835230822;-0.147807551772038;0.120098080238908;0.0869297377387959;-0.107824896140836;-0.0174260845416775;0.0260421088139275;-0.114189576953824;-0.0893070683819576;0.17055047244141;0.011221013765348;-0.00782829213037798;0.144940965393598;-0.196147289454796;-0.168177670561343;-0.0605684769857357;0.00939819504638857;0.113303828776126;-0.0215536120610858;0.179843844307823;-0.0918931507138757;0.0106281268371951;0.0937892284088251;-0.00801051714832491;-0.0760939684083636;0.0170889674621806;-0.0908714772318805;-0.0949640090852007;0.166322473607842;-0.18775567939771;0.102591651601281;0.105581657839312;-0.14795090203993;-0.156401170865231;0.143095780827098;-0.138324043629905;0.113931501967334;-0.0600604691435921;-0.0531193855047843;0.0550266767974123;-0.194938759287947;-0.153064258388595;0.0769414931408152;0.170536397499528;-0.133782038142348;-0.109689152046608;0.103606717233517;0.1474007687462;-0.189778997698145;0.0219802931969479
-0.0465372414292659;0.0215196635751329;-0.174830550883141;0.166343951697499;0.0228942728160677;0.00612223218614095;-0.0428826232052193;-0.0750576868736114;-0.0385014107306605;0.0792849160372866;-0.132290308415859;-0.0824940148900033;-0.0836270865835204;-0.106111826204732;-0.138034773856552;0.111274274507857;-0.0624789616469313;0.106318608636574;-0.145118728778086;0.178813412020921;0.0273680299105197;-0.136464431113377;-0.0349421104019086;0.129890386508125;0.183211108742945;-0.145141540115252;0.140639900669318;0.129715662153313;-0.0775046163844082;-0.17401365679419;0.119485820170172;-0.0394018209199032;-0.10991624522773;-0.05806105232543;0.0582659103520879;-0.125054290538241;0.0744264739194091;-0.112939501584793;0.0216627077732324;-0.0672488534033764;0.106366437436358;-0.0166040656771167;0.183927539978723;0.0734085590459639;-0.0210450614181525;0.0867019668123456;0.131677829566617;-0.0242786322048309;0.105638601898622;-0.0430349600722773;0.155943636348535;-0.208790457310478;0.0884994493034999;-0.169203166472471;0.203955147051775;-0.11926077570517;-0.152726191412239;-0.0946506435007157;0.193203136845105;-0.041152152457961;0.0755526254073735;0.0374720085320181;-0.206741035878484;-0.0736757193257511;0.169869389757665;0.117181806394594;-0.181765735051554;0.18450425963246;0.0456925573337301;0.19708981057224;-0.172340164800833
-0.15102368021344;-0.118613803064856;0.124713596039596;-0.130185249895718;-0.157173335563898;-0.105145399896925;0.0958243325674151;-0.055794990230717;-0.107379469622973;-0.0638479074731058;-0.0425420210251477;-0.176029567332081;0.165847706923968;-0.114211276207545;0.112286127901377;0.0772945509781287;-0.142658161438951;-0.049817673020272;-0.0305921926076146;-0.172622428477943;-0.0386005736884518;-0.0916400848912531;-0.139314431001721;0.0631723450199412;-0.13355230220763;-0.0186403444955279;0.0453032455799691;0.107093352759819;0.0675080963158827;0.0556004098475485;0.148449417620963;0.132199858230035;0.111841401337782;-0.0762958273547904;0.0993912978174872;0.118658650023224;0.157098399739641;0.167750368551204;0.151045580740117;0.190045206810336;-0.0426425710975377;0.164019930722773;0.0910611123178229;-0.174589062704286;-0.0852838191363615;0.0121114596445131;-0.163860447455864;-0.155051068467748;-0.150719879109463;-0.165664844975577;0.168316656116816;0.0252546435092387;-0.125534595744619;0.159987805299406;0.0731924899069445;0.139133962019931;-0.178148834955147;-0.137308211872357;-0.1954824105801;0.0599845662737473;0.0480689118652231;0.187248537149713;0.0752144707955178;0.0355376778715957;-0.0137797677519516;0.0237756780869352;-0.0893534113277454;0.0432940713867464;-0.0150850166829151;0.192145035220271;0.118713708580605
-0.112591659067403;0.0119704732103966;-0.0105143826578886;0.0925708176530356;0.00997233239092794;0.0326222490645776;-0.171360524744084;-0.0426636653072946;0.074736907778699;-0.0463433372806033;0.0163488675397478;0.0816844581609002;0.0536663889209213;0.112200985970907;-0.0713879765377847;0.0815948811123131;0.185622291895696;0.0703880687120633;0.195178046187791;0.126024182163791;0.123294188537985;0.201555291871478;-0.107926746234548;-0.0500318180347024;-0.0210366228030303;-0.110491500211449;-0.148335944108285;0.0575151711381626;0.116359015180816;-0.0960966920789708;0.00481677913669905;0.0812156802051447;-0.149497279998844;-0.08299340089189;0.107148758625456;-0.18008683572821;0.12277756025652;-0.107484317402835;-0.12357935804259;-0.0712483110943807;0.223796916106024;0.141539257608179;-0.0420102402328177;-0.0822822011480285;-0.158523500659583;-0.065600227989372;-0.164974253352912;0.183214825342268;-0.141113773157328;0.200446553655813;-0.0322180844470026;0.233847410123848;0.0426755315688065;-0.104372224552482;-0.185139784970352;-0.0737781748005469;-0.0915735089647871;-0.171953293032918;-0.097863287953666;-0.0910068958073551;-0.0305125352368689;0.011493080256087;0.0813460956502233;-0.040637128552062;0.189208659721031;0.175501963472937;0.0197110097500126;-0.0748109385969206;-0.206418501064281;-0.102771869219307;0.199186096994127
0.0453410256921509;-0.0432645878641646;0.0214955587527764;0.0998241508957983;0.170901976634066;0.00106370336206935;0.164288697246458;-0.11965850758858;-0.1767942069112;-0.167928971512165;-0.109114895611237;-0.0390983580122431;0.112055290087166;0.130117015741109;-0.0174875537536634;-0.182177669328864;0.14687799717275;-0.125329616190414;-0.0549195247197384;0.108099743181252;0.0467926932537204;0.178609709362412;0.158096873450074;0.150800914439777;-0.0268764279397259;-0.162825295408938;0.185981283301998;-0.055436371001211;-0.111326653213365;0.110961609250313;0.106625066926205;0.131611749077906;0.152940436723087;-0.215496382433469;0.0854515553406795;0.00802170527429568;0.176233168294722;-0.033519310135032;-0.176783117869922;0.0925845598466567;-0.0865450084108794;0.125562789419479;-0.154915008889996;-0.157652345941295;-0.162399605902192;-0.194873637722336;0.120235241577657;-0.00684895275800458;-0.0576511981215739;0.0947885619460559;0.0303261956434817;-0.185776569544794;0.030020537594759;-0.0403645853393323;-0.113014113670117;0.0539398177692363;-0.014152959874741;0.0579031457524966;-0.0899223363471976;0.117104356860282;0.00229092149956863;0.00310215306494705;0.178876647064283;-0.100547314722017;-0.0873455369988729;-0.0535181432496463;-0.00483029329583244;0.110928757337913;-0.171957454782292;0.161699242411538;-0.171202336184089
-0.0241266422932133;-0.145913769960435;0.0475890913374788;-0.0106699639554275;0.11250818519886;0.120501844939639;0.103712927173563;0.10130568678693;-0.0358385058684032;-0.0804436660065038;-0.0123837696996336;-0.192419584764651;-0.0077689866211562;-0.118351521303743;0.0816611888369329;-0.0985588184368156;-0.0119353354130144;0.0901120927511512;-0.164748720266927;-0.173567563681739;-0.0827490499138793;-0.141238955430076;-0.0906696837884456;-0.109229350263816;0.102234822045761;0.136551543897426;0.135556197726565;0.120501740504062;0.0840680688497837;0.00741085829860452;-0.185721530935993;-0.0385668836981248;-0.0202696265273254;0.0567163072551386;-0.13165345862051;0.167442948291125;0.177759958055393;0.169540426719958;-0.022255034748592;0.127438909530676;0.0799143555193651;0.150378421842451;0.147901786857217;0.00662533865253213;-0.169875583123199;0.0109264382883667;-0.00770555479664443;-0.161038308960526;0.0328358732061792;-0.13641206760379;-0.177049988395454;-0.1697632596416;-0.182087822942411;0.141869003101155;0.118043558112907;-0.0773991707458125;0.131662273575513;-0.0376930422813809;0.0740015737463145;0.162863001048937;0.171852006960576;0.170117546417003;-0.177273865945529;0.143656995580495;-0.0892336189531862;-0.168328369884184;0.0147564015101768;0.122421065871208;-0.181209546565909;0.10112460029331;-0.0894124167447057
0.00401105240864687;-0.0968613034539072;-0.123511331600806;-0.0789285366921596;-0.0554834651013209;-0.120001803965518;0.100973815657485;-0.15643551105033;-0.121117611859826;-0.06012915144097;0.115339204850673;-0.12531320888577;0.0276676105193532;-0.0138208567728314;0.194660758463073;-0.0609770895168768;0.0262843397164646;0.142402942241207;0.150549865607581;-0.185076661462721;0.021877152857702;-0.116244787190578;-0.000184264956300394;0.161885344752537;0.10914247259081;0.151112806828253;-0.221400960951133;-0.115876077794957;0.211259995004609;0.208630631720942;0.063157059739193;-0.20305623922011;0.134384433803768;0.158906048434851;0.00285365583491725;0.112119159080157;0.12457325930038;0.013804552214273;-0.0370836256042651;-0.197684086080306;-0.177854321902237;-0.115515262531665;-0.0221788086042284;0.0191868985575726;-0.145927559024678;0.0927270332663109;-0.0210607734463694;-0.0492436460219617;-0.0866456223335338;0.0778877089029316;0.201510686341861;0.209404576447865;-0.148476303837395;0.0730216343540922;0.0859320367810843;-0.1060344427467;0.116365098972594;-0.0723545388831424;0.0249711281872315;0.00644586554062692;-0.124891125360311;-0.00944038889348348;-0.154653368584738;-0.116706106110566;0.0897559262900382;0.0921051617248573;-0.0466555052193372;0.0818036995547034;0.196367624862453;-0.14374868296301;0.0274917886529445
-0.180938221523303;-0.0298918769215765;0.122728725895323;0.198589014881571;-0.0679631926162648;0.12004481326409;0.187601224771508;0.0861706201745346;-0.177378690466164;-0.0365059798844872;0.0494164778432064;0.178684161608098;-0.0715991278308929;-0.18578583644453;0.0728501390546276;0.155757270425622;-0.136726841287044;-0.126225284666302;-0.0937434205227618;0.201280967202357;-0.0141174629576396;0.19502171964287;0.165751650323957;0.139284820051571;0.052802113769874;-0.156827574266572;-0.106731794428988;0.141296217120092;-0.0101633741117179;-0.0661632607908449;0.112087169768354;-0.0170176604640533;-0.140579487128289;-0.146645642256662;0.18340459045757;0.0394977358977989;-0.0394554548354012;0.0850141699212174;-0.0341035148567543;0.00161425244839943;0.135203194134123;0.0659496421113591;0.0201769616019493;-0.137450596895512;0.0551879929944747;0.0303376968892157;0.149285661343174;-0.0995533746822464;-0.171458396928767;0.14510567500207;-0.0852563361504066;0.0204247752120321;0.0915582379755284;-0.113731882607974;-0.140804498890257;-0.170838808320043;0.00947760560059626;0.188565038689882;-0.0464384446812775;-0.103360964142667;0.034551261900104;-0.145920338141558;-0.0958913515067216;0.0939057031708107;0.0565279831932886;-0.125791207485714;0.127038302943413;-0.117178831367205;-0.164069294055971;-0.158872942636145;0.0029873794680496
-0.0359831386292861;0.0999653128638468;0.0965714029839866;-0.150858987951741;0.112608597819554;-0.036780992886726;0.0978440959740648;-0.131960077105459;-0.196601951528276;-0.124475195307275;0.18905638283976;0.107862897693135;0.0337345993927757;-0.200137913120874;-0.124025088633936;0.0827077415049688;0.168426766563313;0.190458957420225;0.151377548584018;-0.188677298306881;-0.0425692433461897;-0.0822919420619029;-0.147524050535211;0.162040020567859;0.0746872939809625;-0.0504197213485645;0.119256458843471;-0.00686508887334151;-0.0303470102357474;0.0951628954882815;0.0593124645360861;-0.152497105787768;0.183385326862653;-0.0711054639502115;0.124597395012083;0.0994903840856546;0.1774911502292;-0.207141350064228;-0.0822548791955137;0.0356338493348709;0.0901298893032515;0.0910175917517317;-0.0908190605862039;0.19410078832615;0.0252155865208277;-0.0828748209043443;0.0437253418305201;0.0599139480707664;-0.0554017223552044;-0.036607643745871;0.14284831651203;-0.135325947692554;-0.145424627580408;-0.216668303756046;-0.193012518789933;-0.173854485561194;0.027326074405247;0.131116701841278;-0.028960962507554;-0.0571349698256921;0.0405478676949525;-0.115454104146404;0.0949722525554376;-0.0951795275914076;0.012797659581789;0.121390199633718;0.121062890255632;-0.115323225650823;-0.128149988707808;-0.0269301532944409;0.101801910700919
0.149007097159236;0.051237980290027;-0.0979714809342347;-0.0768712249881563;0.0611693661756248;-0.199887224352999;-0.136583142527474;-0.0779329874081833;-0.0582205870954193;0.0986611186609761;-0.151584168584013;-0.161855798307165;-0.202041653300516;0.142823774634704;-0.0229773590292463;0.181428794787122;0.172282036021571;-0.0921128444927343;0.07570352345829;-0.139396285340488;-0.163911083970709;0.0187805395613825;0.164273636962778;0.18348053938192;-0.0125729324027989;0.184392465857298;-0.203847874695183;-0.0356533399345513;0.0967319106139472;-0.00570333005804814;-0.0568076254027629;-0.029226789374367;0.161087684876079;0.056585084300405;0.176215894994763;0.00956381185261908;0.149173876590249;0.060352264747179;-0.0552020943928169;-0.172079017252345;-0.0441489989809646;-0.00413998325624674;-0.176015734205224;0.0364658532632587;-0.0165798712060198;-0.154597403732943;0.0856112316287474;-0.0438604199562162;-0.171564905758808;0.12339697970488;0.132232611419278;0.171928414854196;-0.00808055505980079;-0.09290963089317;0.0539726589890704;-0.0777662005984066;0.0751159497302898;-0.0933004139131138;0.123853313817684;0.0649285067213682;-0.204032107854076;0.0872218038101179;0.0134867083809105;0.13563434936567;-0.0525240141325217;0.0657942271933949;-0.134791876780204;-0.0704751311978796;0.154759486042982;0.155610435521176;-0.175737839999388
-0.0881121741338818;0.185593386565483;0.0622439948047444;0.121028945681854;0.0496166839224882;0.00360100845176866;-0.0705390534053978;0.00942713513662739;-0.054804617545104;-0.10266442555698;0.0493772323279861;-0.0615701259463179;0.196932878215679;0.073782925837795;-0.0267108296329873;0.203040893955241;0.0691222481705475;-0.209100045089708;0.0691054031156007;0.153894295282919;0.0563690452674979;0.156164354674996;0.0934891325994214;-0.17662702267374;0.0810489470275773;0.206936176735174;-0.118476628413743;-0.11350110125934;0.135276452241646;0.204524732845156;-0.0392415035783025;0.00662044943499852;-0.135659334961504;0.119078551566384;0.0406766612040904;-0.189095242844896;0.173463773068347;0.0207935454328899;-0.183667042302651;0.154981598582278;-0.0401107942027177;0.131962853659549;-0.00190475186181744;-0.019260458316192;-0.0305404557345335;-0.0356814681795437;0.0626446356986024;-0.117453537341763;0.213230433964878;0.114428396239842;0.0263467231429291;-0.0626839277249348;-0.0916091124418558;-0.175456209281538;-0.0062173552187791;-0.0178318662575992;-0.119887114304474;0.026879649207949;-0.172011369616258;0.0691251697385928;-0.0899137314050239;-0.169029320416593;0.10059534544626;-0.032884687838981;0.163021740572601;-0.169234585377548;-0.13790215925535;-0.134137041621241;-0.178885103636831;-0.0496069550586268;-0.182414247383641
-0.156274840700122;0.187908865589194;0.130861904415049;-0.018783837819931;0.140566536321787;-0.0527006203913365;-0.0954736860329425;0.0740346824997467;-0.0917165395499227;-0.0657040407819926;0.210947213236634;-0.0964600586811617;-0.182211382399535;-0.0337216127103153;-0.17976278873219;-0.10917785181406;-0.164327275770263;-0.0836323328125312;-0.146667008286808;0.146593412375428;-0.0635402754754086;-0.0199165758743794;-0.0266752986136506;0.0292469402600667;-0.080213264084745;-0.172283005765583;-0.172648800776174;0.0398728402978227;-0.0709869402498701;-0.105410979444157;-0.0161632631720274;-0.143908211548156;0.0461808562205908;0.0782753957854398;-0.0225550249273044;-0.036966026291474;-0.00721897791722866;0.0632909366765547;0.0636700855606805;-0.167825491951896;0.192427518146061;0.161439262277291;0.139474916605532;-0.0727510485663534;-0.0857041671571729;0.147032927119025;0.0734581968082372;-0.201011520973865;0.129928332961974;0.159556988886341;-0.1695225218243;0.167136924170237;0.187937878306325;0.016691619961704;0.101480300161036;0.0755545532056315;0.0126961534095165;-0.100273046638346;-0.140458584528514;0.110961531294041;-0.0819398304084907;0.0765662917006094;-0.0568663880437114;-0.188193570899094;0.162372040421409;0.152967413991462;0.069271903129622;-0.0485739601536004;0.200746230248364;0.0691160555906585;0.109953944134543
-0.0169885165640271;0.0652381149815859;-0.185938829677708;0.169120516321987;-0.0142870637010562;0.0528614230274699;-0.160428742928419;-0.0899147337458838;-0.0166076443578562;-0.0355426807712825;-0.178563193169763;0.123847033958145;-0.01998384059712;-0.141963850989417;0.0283839031839696;-0.12369613704185;-0.177409875541984;0.192288101561522;0.115601329288007;0.1652013665678;-0.112332736998843;0.000996332210522623;0.167628503978287;0.128116071837031;-0.0889829615725696;0.0158987742438962;0.127863523165378;-0.0246719457730079;-0.0283048620732206;-0.127989627014931;-0.0826652150356998;-0.195271105406841;-0.145341610636586;-0.15681752830814;0.058568410900593;-0.102634916773828;0.169837869024479;0.0631038434255514;-0.0903284351507675;-0.184019482617635;-0.0350832154085503;0.202391655828003;0.0879429521949752;-0.0593660137344625;-0.113836286010597;0.169676508954756;0.176900133092688;0.164428482997428;-0.0706589527093222;0.0717927104183299;0.0398196918735008;-0.0268820914381383;-0.118589207415033;0.120694687547825;0.0163924832702856;0.198060237875044;0.113654697652893;-0.098009814865145;0.0505027713660945;0.185859248704641;0.141042986511686;0.0802882894941826;0.154435214976931;-0.0962187238713876;-0.160478172264045;-0.190892794291384;0.0615879380662686;-0.0707670188174421;0.0155128247595843;-0.0765818865706645;-0.077488919416735
-0.00225971158010265;0.112579128968845;0.132207834783536;0.0175401049419975;-0.0879240206394982;0.175008850265615;0.0483724376899417;0.0656388627678823;-0.0232060686052364;0.0895245431238382;0.233166388551859;-0.160571674239571;0.159828186873052;0.0816658462198672;0.210982103802149;0.186857823889729;-0.0317214318465463;0.0754316135459051;0.114353844494954;0.025703128132221;0.0955308594025023;-0.199110376218615;-0.0434395768825306;-0.0998576700378827;0.142196884008125;-0.158298278961343;-0.00107120153161283;-0.0969385366132474;-0.124706922889381;-0.088885388550315;0.0722356750500218;-0.0417570706573841;-0.20681921464837;-0.0413346152021118;-0.139445741593959;0.157749972833182;0.0322601244437161;-0.0658883594230928;-0.080824383821994;-0.134050997294492;-0.104847230292464;0.122584701306598;-0.106167484374864;-0.0626507733818362;0.231005256757972;0.0655807201192534;-0.16922841920044;0.10862524486203;-0.094868229565511;-0.10585274796712;-0.0848560758102231;0.144239384959595;0.204913381903462;0.187255539081208;0.116380784006775;-0.0168056262746315;-0.0576375850617677;0.0184092139082753;0.150717985409328;-0.143282032591299;-0.0375762391159158;-0.0683453166099547;-0.0233105052558801;-0.147976970968065;-0.196367422839327;0.061267168296099;-0.167408750504346;-0.0124934888379797;0.00745529690068201;-0.160424159944176;-0.0590585914671305
-0.169053737759496;-0.0664724470586411;0.0109525625143618;-0.0880707574200153;0.190399662766357;0.135038574362506;-0.18161979465468;-0.0648658422301402;-0.133387175161995;-0.188577677460982;0.120961955935549;0.211391249123882;0.197289160931518;0.209745259579072;0.152632027344815;0.00587409123880515;-0.117977482817639;0.0806156238166348;0.11008646751492;-0.0167891149603065;-0.186123597113317;0.0311344604088048;-0.145283397795642;0.132071040841051;0.182461233885538;-0.0751777578232983;-0.162632331080538;-0.0854103864184594;-0.055144567272761;-0.001999691717141;0.0814394302387026;-0.112756672644045;-0.142680169455987;0.173813518293733;-0.118248884726902;-0.0283403145447347;-0.0547860109890666;0.029400892296423;0.102272431502713;0.04572805700289;-0.0828133939284412;-0.135671546300223;0.0440178426649632;-0.147815416983943;0.0423528570357193;-0.0739291327814541;-0.0219880383368058;-0.139190999104982;-0.122736238747323;-0.170401505367572;0.172204835167581;0.10377413797876;0.0910645997149736;0.0768850378211356;-0.079503544961345;0.0129425577719317;-0.118950414462646;0.0920122776135435;-0.0574012353653214;0.0678160553900085;0.0999095402433973;0.116921347704012;0.203409480982853;0.081743272495378;-0.0568863517594517;0.0359572633799471;0.156310053380222;-0.174285722561862;0.130232779106327;-0.0167890233100971;-0.137101262971775
0.0680013960259428;0.199196183650877;-0.139824058918937;-0.138085667783821;0.169147355244239;0.208351555394718;-0.204342028629894;-0.113360261660467;0.060567904213265;0.166290503651136;0.197333971065088;-0.168033464849473;-0.0867096915653005;0.0400073822990454;0.198488771586009;0.00910128788634335;-0.00732805069269266;0.0573608062054861;0.0848930179663903;-0.112429516464053;0.0686067362888022;-0.116403266725445;-0.171027862155165;0.165255564000414;0.0133657235099421;-0.132046927050028;0.182428022763453;0.126908195981157;-0.200310255545111;-0.0184667154542042;-0.0480563966578035;-0.0593571874495212;0.111236238750687;0.187045858331068;-0.0958974737398776;0.130278034791641;0.0272553496444723;0.0107200970850635;-0.0309297141864315;0.0263367792995862;-0.127384584469334;0.00178048692749198;0.100714258491808;0.125660216594993;0.128107406477342;0.0824471630528377;0.0913767369844835;-0.162303217714042;-0.0366693100967611;-0.179176401471199;-0.0371547795061066;-0.0180516334027513;-0.156588382419987;-0.112688164771482;0.00950570136873892;-0.0225796151478033;0.163239767906851;-0.0832838142149873;0.0703444174106014;0.0942100043950761;-0.181060745267926;-0.109454415906687;-0.120034284014548;-0.127949658231722;0.00736262240974826;0.0497068806154184;-0.0574738948957958;-0.051959741192004;-0.0710794218602681;-0.138773541104823;0.203641746946235
0.187849253182472;-0.106242255880371;-0.133362220263084;-0.17312985972775;-0.125819330962677;0.00628258627058045;-0.0662919120029914;-0.152888045823211;0.141302944521038;0.000530899994868435;0.12765151223861;-0.0375747027455097;0.185034850412602;-0.169725078648418;0.176943895222936;-0.098087669253082;0.0174663345469109;-0.0248396853613957;0.137439002732024;0.174246910038306;-0.0859497724774914;0.149928568597277;0.0901734588674693;0.00239254286257573;0.187956859350371;-0.0756655468385457;0.0217891371086338;-0.0788734840355428;-0.1152626957174;-0.0591512128700454;-0.0560360854966081;0.121107403224569;-0.093643083538955;-0.14484919625998;-0.0154110957713288;-0.0949766381044993;0.196867695625014;-0.114404869418385;-0.0502651426116243;0.179449248180541;0.0304247958704167;-0.107827641680649;0.129182793743188;-0.0993584987479221;-0.0864667243219872;0.144070000591601;-0.0881892104567384;-0.131729312754739;0.0360975754119879;-0.041330219959365;0.136439218285081;0.183774572798815;0.00405725734840053;-0.0944929217169097;0.0869323856462237;-0.148849353687769;0.00789484493033503;0.0685557965525155;-0.156776159399945;0.154156775554044;0.188804008840122;-0.174188466240413;0.166685209572365;0.0136841191181182;-0.130203052781488;-0.180225929258923;-0.13070165747952;0.143114008399617;0.0499965768010863;0.0851504950544702;-0.0906448051999201
-0.057983346071064;-0.166641446306636;0.163730039208888;-0.0457840498213441;-0.170262766927788;-0.171418390567561;0.000875820622948135;-0.101889236933544;-0.147796345609717;-0.179811389014079;-0.0358861868401415;0.0892528178503424;0.131144341726776;0.00695786439032894;-0.0381814297696508;-0.0731124429597957;-0.191727841610474;-0.0299854781790795;-0.0563837226896449;0.101603870167895;-0.0616166270592258;-0.149343413756542;-0.00205717501175536;0.197064231029021;0.0162705728429221;-0.0736048682549224;-0.0746961597725092;-0.161109719773247;-0.0968874595598498;0.087887131097956;-0.0294971728984703;0.0211105646842147;0.156540991058916;-0.142255810019434;0.00271945322585667;0.159696719366736;0.0450814612706075;0.153997118089397;0.0644630983543311;-0.175063472052116;-0.187355735110491;-0.0226689571926242;0.192431690088818;0.142633292671514;0.0340754270372054;-0.0623916751631507;-0.155533614829637;-0.187528181224607;0.10994217260072;0.0938106408410307;-0.136229145619685;-0.0184648966468681;-0.087119423417018;0.189986298534762;0.173757790560059;-0.101235275020849;0.0420291484316418;0.173279227906389;0.144558797062256;0.109955521053657;0.109891188931471;-0.0306098023101319;0.201611642352828;-0.0290700569811502;0.0562992036109138;0.149616668202166;0.139325246517949;0.080804809039883;-0.188356931541855;0.00873527059013578;0.0884195154961193
-0.130997294362474;0.134933303818033;-0.0619991781541563;0.118211247398697;0.193670973962256;-0.126817086430156;0.0817613502948446;-0.0151060588967501;-0.104350464571497;-0.100893466713727;-0.0681879403514062;-0.0519693602139796;0.0330705933869087;0.049586313631044;0.223214368486377;-0.0730583601911869;0.199494229230182;-0.0995531952232258;-0.0775829493951729;-0.0630703859265133;0.0992158909878515;-0.177611469358071;0.18674453696958;-0.0666829259145499;0.069002821182269;-0.0024704072171797;0.0468193069414194;-0.0962312085751041;0.112610533759005;0.0214091642570905;-0.0152314331235839;-0.186723142568691;-0.0804910264116416;-0.181894693890222;-0.184549731839948;0.0966420872709976;0.220916171578768;-0.0885182350964138;-0.181152901775338;-0.151695257786911;0.213836044738064;0.0271176590819869;0.0859666839488107;0.045888377824772;0.0131147675481591;-0.151798696585118;0.00892574243760326;0.170765433612287;0.0874852986425872;0.060027421251458;0.199073485729612;0.0136973507418714;0.129358353329032;-0.0990580283404304;-0.177012946110023;-0.140986049871202;0.183078804117987;-0.182916477106405;-0.13839179865037;0.00854115631263644;0.0612536438979585;-0.00960766599685027;0.107173444613779;0.109130408440947;0.149228003679391;-0.0690650226495141;-0.159078558669137;0.0273650624103321;0.0465358206041927;-0.0610279436514192;-0.0590844945004204
0.0699408659005002;-0.139691995691847;-0.147296199613949;-0.0747096983377195;-0.149341696325256;-0.0611734956692638;-0.0795111238370666;0.125473997040385;0.00168140747627346;0.194942626404158;0.0806368344152125;0.0199340171688884;-0.169161257712325;0.0260806189115703;0.177136477595998;-0.114495906886242;-0.203708030294365;0.20155865499297;0.162273270488146;0.118731402807205;0.187567881493057;-0.171913076480166;0.0138632146285705;-0.00975441182853889;0.00436481948352546;0.125211878654005;0.182991473705294;0.101564803112936;-0.139102862559317;-0.215171253063944;0.187789580418278;-0.0963970493128772;-0.071734587787048;-0.101594584252825;-0.122364290598632;-0.100999489892652;0.0240700645649865;0.148585057214103;0.144046016243427;0.0924667427170548;0.0108434954731575;-0.136765305055362;0.0322465619257753;-0.0117895018168502;0.156051109111122;0.144787157783672;0.0234041224079204;-0.169850261138778;0.148898253341053;-0.210249071095107;-0.212454723125339;0.000712034536311667;0.0594672470808577;-0.00623267798235109;-0.0730953891003662;0.0192892590989162;0.0529613492505895;0.0689747717855973;0.127442041749762;-0.0680370154082537;-0.0376484098035512;0.0254406326210042;0.0420121763179519;-0.00571202274153288;-0.21541163729587;-0.0455307995536607;-0.130896078325814;0.138949886111506;-0.0741197737715481;0.0555712842068994;0.0679505881197785
-0.119915648760604;-0.138567785931629;-0.126671487159654;-0.0898216776212789;0.119623657764854;0.023427093764423;-0.169397343113859;0.0605408207319125;0.0851030991072945;-0.0957051937156884;0.147210225976587;0.175181448026414;-0.125375132311485;0.218355435779123;-0.0131930698504046;0.0701605413223912;0.15760056512022;0.193406594286879;0.0839117056752173;0.0720024398552208;0.177531644323696;-0.17376119820879;0.0110037265525505;-0.0683132721725382;0.206859053088023;0.0479883797015345;-0.15748945255461;0.00281645980789223;0.000842214904410719;0.0725470699862434;0.109175153386077;0.128349594210571;-0.10391170811713;-0.0482184373675666;0.1564623213688;-0.0338172489555654;0.0111414931481148;-0.0892834744609461;0.0517754013679753;-0.177835700414509;0.0475718551188326;-0.166870767933912;-0.134856635813282;-0.143205513966875;0.0584894401927836;0.0915669307679793;-0.00704542712793047;0.0182477794235385;0.0468784563062636;0.12791165535054;-0.0421328932845168;0.18318009446299;0.0864960978765295;-0.191302399438427;0.130351897681497;-0.140374888994794;0.0714125993563605;0.162625896853425;-0.075696618868761;-0.122585160379661;-0.0133038921239463;0.0487703089187891;-0.134521832615478;-0.181664409321929;0.0161037647387747;-0.175359806676964;0.0848727177005639;0.143827416896622;-0.132327324032657;-0.173596259337819;-0.135201390268703
0.0397712356235379;-0.0624744186730085;0.0542099390117092;-0.176326473487512;0.134503398566662;0.165489624538009;-0.0502557400579287;0.0801028237044135;-0.0880609523615929;-0.146597619915221;0.0325664184273618;0.160479544135807;0.0798437163452658;-0.0886556213374196;0.131392103205851;-0.159401354096023;-0.115165208053896;0.0298142603018457;0.0882971880590617;0.101059326736276;0.0561263160827213;0.190083975944962;-0.0306801647717829;0.0434516905405585;0.202118427146072;0.171857949966493;-0.154588626199841;0.048525006573577;0.0271088616197693;-0.193556097043062;0.0567204028146569;-0.053786045732469;0.014116455813723;0.0555365606818744;0.11119458795476;0.0289740955143031;-0.181631888088131;0.182384731698576;0.184019131246036;-0.109958912211646;-0.091818754998787;-0.133570087898682;-0.196919684880006;-0.18393190040007;0.146404729280903;0.0787922747829542;-0.0186271760521011;0.104076501432974;0.0761464914894347;0.180946707238683;-0.0138337393986;-0.101542910709557;-0.0249488387647595;-0.0778008127880717;0.00443008228469368;0.0529698994498316;0.17148838587003;-0.189300800432916;-0.175162260862328;0.165928088371425;0.120019201833784;0.10450189313975;-0.147065086819423;-0.0945639042225973;-3.53829586221878E-05;-0.113706584744236;-0.0536959605819831;-0.175751893240675;0.0034324304790768;-0.0976410412125186;-0.177828514911959
-0.0945309173868703;0.0549414866986994;0.00188585511237561;-0.0037220487131448;-0.00703972839908688;0.198701496388917;-0.0450422368922619;0.108384096458403;-0.0762469997173452;-0.00621729216159117;-0.0539839603254149;0.186935723990895;0.0553242006503229;0.0283332460733274;-0.0398164373402164;0.185668035473244;-0.108998467238898;-0.15155372899453;-0.144131248497386;0.0671317852575614;-0.196848049053499;0.16798569250124;-0.18598042089623;-0.0240707102737033;0.0110254558264354;-0.190772924362021;0.10900688454772;0.0239806603507783;0.0663850916886082;-0.0666932802619166;-0.0410037033758459;-0.0998986346573328;-0.0236286299650528;0.169266423195873;-0.120973050387895;0.0586788856259577;0.191602629645253;0.142099383267913;-0.189419724224318;0.0760363903961095;0.0227820536748686;-0.0862728556544877;0.113101136928121;-0.0218408654225313;-0.0219454752644456;0.141536909640962;0.0108281341693344;0.0925644528200575;-0.161299358405613;-0.0847312776990702;-0.148071646354527;0.187793029783997;-0.0533685009082215;0.0505572433452582;-0.18966070847263;-0.0467787109140737;0.036077135846842;-0.178888206362009;0.200990394434456;-0.0211115757851532;-0.11515015990689;0.146715001730996;-0.162845766978292;0.206184179518608;-0.170058360533833;-0.15893009741617;0.00571958220786047;0.101795676428486;-0.0555384752868655;0.117242576007862;0.209803304802027
-0.0377406156543798;-0.172911063736435;-0.00597577834098972;-0.166252369220933;0.106573926957831;-0.155433271881262;0.0515641757033175;0.217950316100004;0.0860997033523384;0.0130918055489136;-0.1949127240492;-0.0215191969889451;-0.0566047236512225;-0.128224548207314;-0.0148377214456543;0.172347188581091;0.14394518218923;0.156813636958379;0.143936487573432;-0.188587201989674;0.168689378115698;0.159652763301232;0.0472830967689344;-0.0154532826651115;0.0928557245458949;-0.133159674124211;0.124538088717877;-0.0595818216074952;-0.0711178041796074;-0.0723165973627054;0.126710674043234;-0.0596994801059581;-0.0659252550421977;-0.0823494512638267;0.104379773844311;0.152546183638244;0.169873566564772;0.00494851061523699;-0.0826460766863125;-0.105833069698852;0.204192864420764;-0.182959276824802;-0.0929110990344447;0.183933333744246;-0.136570012468302;-0.0410321671388841;0.108071094020321;0.126747087523821;0.0588968724991009;-0.116859487605891;0.0806351312887392;0.166435303193655;0.0177327713414149;0.0957681235626229;-0.166450054469299;0.0227395198297535;-6.12617200045564E-05;-0.202321336619308;-0.0389751949814623;0.0279347601386121;-0.0598384618137741;-0.100652843632617;0.0772692793361811;-0.0533825402283862;0.106514030291045;0.0849196548421231;-0.167392782890177;-0.186054113330826;-0.0124714232662597;0.0527489937014674;-0.209325218927111
-0.0895939759721788;0.0117058404822641;0.0221015566145116;-0.190270600815695;0.12482922324312;0.0249191359372665;0.0679925791109809;-0.107622842929282;-0.0947453077894991;-0.0374590217343815;0.203553602047963;0.0863154759629351;-0.183625701352108;0.0515553094375842;0.165725497406319;0.127703801677391;0.0427408487410545;-0.144947283369424;-0.14742812524238;-0.0758698356542132;0.145546604809541;-0.185458821439449;0.0942791158898815;0.159403294913715;0.0776364463624872;-0.05661504567553;0.165923200855137;-0.151684232844892;-0.0175534937921116;-0.102335279730897;0.0668266527204444;-0.0893702890181617;-0.223549289757811;-0.136512480627269;-0.0750330683432327;-0.0898180681389169;0.185374489596171;0.0409025941339655;-0.10307009406105;0.187605360852339;0.121541224400763;0.0932119117300992;-0.190488318284613;-0.180307344410763;-0.0742948934651378;0.00178890062145399;0.0156047703100038;0.0842130932393521;0.13127128250724;0.147518739428182;-0.0219323001310342;0.146939068028547;-0.111080974530696;-0.11687561480329;-0.167019754886684;-0.133883529854226;0.123207724586675;0.0684792616950885;-0.0621260471838905;-0.0483041064028469;0.0647769350764214;-0.0100715633656235;0.115711650857122;-0.222158403380099;0.101495325539466;0.063175515744628;0.0801163903992492;0.158667779269453;-0.10315999754068;0.0257951902237393;0.148110312075512
-0.166993433754303;0.173086271958153;-0.081362330169247;0.0380887418734432;-0.123164430855325;-0.164223555926573;0.069741715489519;0.0342522385519404;-0.102756162101235;0.146750017108735;-0.0976676796423266;-0.0361606169454626;0.0661576231246008;0.139647339917519;0.139899538757103;-0.149744913697956;0.116845367784615;-0.142109806641857;-0.117508989756605;0.0245357432028171;-0.0671283230928641;-0.0791639969332657;0.161899281403397;-0.0619785312516282;-0.0543540365586662;0.189905167426162;-0.141100530719693;-0.0351599906440707;0.0901149646950737;0.141448786755754;0.0852607991725706;-0.00595619789186585;-0.07703970185992;0.208920629133931;0.010192005449877;0.194709335475499;-0.152816783114727;0.100725677016381;-0.159567432693011;-0.0897473148281048;-0.100567079806916;-0.112579843251008;-0.088931921765344;0.0515818832390311;0.0161265951610886;-0.110346139461265;-0.103489296543449;-0.0922144082244972;0.188452615206363;0.0668138576730005;0.192950677300981;0.142062431555133;-0.109795014431344;-0.139911511076446;0.0579174649121307;0.121604655045299;-0.157401978824249;0.190050292948718;-0.0761461909468951;-0.10363550641515;0.186311066659457;-0.0636872632454147;0.153571365723204;-0.0347708569906529;-0.10709975144284;0.117722610115876;-0.127709884464547;0.0666710858570065;-0.0391336349113628;0.154624295147942;-0.165517099962234
-0.163721424686657;-0.162391476265205;0.168425597825422;-0.0553888718796147;-0.134564692897482;-0.170035273486412;-0.0700860345036978;0.118382673712016;-0.124087032609188;0.111898144985252;0.147427253545249;-0.026256192650128;-0.156582878202009;0.144827100433637;0.139558995630183;-0.0765259419605477;-0.117248394994158;-0.0296431438539313;0.0852739812029173;0.170264482584701;-0.144798768240623;-0.00392886443761604;0.140423509987372;-0.0783888910031671;0.159361887325982;-0.0685408597767139;0.142183800257622;-0.0220105103492376;0.0950320150263298;-0.162484796886177;0.0268769454828171;0.143257642873439;-0.146118507810782;0.0511991598442011;0.163613068544664;0.111698653920647;-0.0937059559073748;0.100171798857785;0.00022921086041058;0.0990067981973666;0.0974829038237904;-0.121374100238754;-0.143511806602001;-0.0310557644955965;-0.154135584891177;0.146808343576039;0.117330286954429;0.0044688390323414;-0.062160180210461;0.00163859577408585;0.174160110456186;-0.0959909723501025;0.0596852241303568;0.167296006618995;0.164128959982867;0.0362289880078595;-0.106793437995677;0.0670696005520513;-0.0187292109486959;0.129997715136132;-0.116197525487134;0.14794602410244;-0.156394229590852;-0.141347123999548;-0.0947236887741028;-0.175575277604728;-0.059882573115884;-0.0117604897893101;0.177235580145873;-0.151884546567001;-0.162564874329711
-0.0277765279206209;0.187963781224482;0.206529438249162;-0.126203399331174;0.195380693789382;-0.0493603556669586;-0.012669319253805;-0.122792563689917;-0.19548500210632;0.00851501886750808;-0.0515091342779662;-0.16374058529069;-0.102493156333455;-0.164923277594916;-0.068588007306243;-0.113790464240086;-0.138200857482966;0.0924210171220423;-0.0633929683105077;0.0414105347903298;0.0373830155786128;-0.0731512268448383;0.0730510939449155;0.0376285443499569;0.16427778116815;-0.169641205955261;0.219836511801369;-0.136687031904691;-0.18526307401942;0.0278353893613291;-0.0614297189923924;0.0235892982199463;-0.10671374671524;-0.0210388333642293;0.0150298257828847;-0.0792188726439125;0.0812931441114113;0.105560771062543;0.21258576207409;-0.122051480308446;0.108987919492876;-0.013142653012755;-0.039146430999426;-0.0720626732462682;0.137010010612759;0.120839256365896;0.141754900243011;0.22149403037887;0.178790699414033;0.130987836481758;-0.143770172373856;0.11321602538375;0.0541840450385293;0.00303879439979195;-0.00521949689898934;-0.164550914291956;-0.0950129259366066;-0.0410247193169674;-0.0681545877884574;0.15509628652847;-0.04687027475746;-0.0859079005652871;-0.14745510288667;-0.000993798756782393;-0.139980875356272;0.147228160212955;0.165299754135418;0.140872269741642;0.0423734893330665;-0.199294747878503;0.0272429843593698
-0.0135294412156025;0.0977422388672171;-0.13041452459176;0.145085535526131;-0.137736352807722;0.175310232607901;-0.0525806729795794;0.116452988443949;-0.144116759606627;-0.0744193418436881;0.204431807384367;-0.0780939432690346;-0.0787900202584815;-0.0287306663967611;0.0486941386056437;0.178380228172094;0.10711612743645;0.191682219987174;-0.0215507807312579;-0.169004497067615;-0.073103346666376;-0.0268312603366305;-0.131466983572484;0.138239975215423;-0.00776293567561384;-0.0623048722478509;0.1715760225598;-0.122078219938603;0.196724850956587;0.165897183623853;-0.182428938025799;-0.0219650882578276;0.15715884069507;-0.089824238910006;0.095788280876367;-0.173271707644465;0.00173980295171087;0.069342335498389;-0.0444181307978438;-0.111759858722051;0.178734638225629;0.0583054260452155;-0.0946968653610317;0.0365937931362082;-0.034936023763957;-0.176702616561377;0.1577313943228;-0.149619509865969;0.0369761256252272;0.165858302455139;-0.135755708421393;0.14683423585465;-0.117756736314711;0.201275726825452;-0.0798258464281771;-0.169921732619327;0.0459856706993468;-0.0627304632377035;-0.0303750805386095;0.130492556009609;-0.179489341692254;-0.113726004781331;0.125652174056842;-0.104089906661;-0.0752139555582438;0.04317334390184;-0.0293287473946248;-0.17218933308883;0.0814050892963514;0.0387422945097545;-0.00658312651997125
-0.158869925080768;0.046192145003339;-0.104653846478189;-0.15511182465715;0.068565489319095;-0.127756142237237;0.0306687201920901;-0.0188692260756693;-0.0232494168219935;-0.0230719467498162;0.134177305452278;0.0399810252377328;-0.166011750391112;0.113970963373648;-0.136008387799631;-0.0988816827256509;0.158821958588564;0.194099174995685;0.0768074028147189;-0.0222666061384111;-0.131266792622074;-0.0948225889091061;0.0235861753584163;-0.127896887230647;0.104466529739148;0.134803170621735;-0.188214534850753;-0.0823216477484414;0.123675033882796;0.0520581907141002;0.143198823074983;-0.0344334620260388;0.202610979073124;-0.0196287433414005;-0.187903301949467;-0.100778186942973;0.178854577711718;0.156816200409645;0.0448543300965023;0.14802026412129;-0.18952831810925;0.149965017314207;0.187799435236225;-0.048410766604672;-0.123805725110098;0.0383873281085056;0.0895242673829633;-0.0256392534322225;-0.148166984254367;-0.062885753446772;0.00680992824384885;-0.176179665195378;0.203319032363736;-0.144082365488813;-0.0819469293332271;0.140389793920695;-0.175320610352762;-0.174683539245226;-0.0551412243039416;0.138199448789717;-0.137468187384168;-0.0849362120571529;0.061892870133891;0.129129522556263;0.0381663602675576;-0.0293158125193672;0.0418071762569655;0.0580541230426452;0.10394768532543;0.169206929235698;-0.0732991303450121
-0.17931819632075;-0.0323917968866021;0.149127898606688;-0.014413191701748;-0.06044503900419;-0.0618323008565136;-0.109475650739907;0.216107053428807;-0.115380823742537;-0.136136949156978;0.0579595021594634;-0.115614192214818;0.00484489878242842;-0.136167524854606;0.137380538706812;-0.0170580591919193;0.164637387247357;-0.119133852223872;-0.107406382279449;-0.106935575056738;0.171467623602024;0.0301876020800778;0.127042642839329;0.103562473208904;0.115819540374278;-0.093434583959728;-0.122774377805793;0.133796261676603;0.125900280106695;0.216776941751304;-0.14991638280328;0.0908777884544004;-0.0965103886434641;-0.170928432612205;0.0209805218446966;0.0929623607493767;-0.111373789525166;0.107012891186669;0.215048219459861;0.0367908124542287;0.17090344509598;-0.154043540894235;-0.104776439454109;0.108909767194774;0.041240329096024;-0.134274784002305;-0.108216609380152;0.0998896781925705;0.137080850315196;-0.177328636882013;0.113457085871011;0.0119315467683666;0.0460001763082288;0.110650023872973;-0.00823500923263507;0.0106837288687453;0.0607550875436419;-0.135754269532666;0.0899567951935474;-0.148330149974912;-0.12037761798117;-0.0230823851469371;-0.0911129216083379;-0.111968238224268;-0.167540261284147;0.187271240974636;0.201085723698219;-0.00554636353581698;0.0630414805702703;-0.136901516973015;-0.0870039645972034
-0.123968988065534;-0.11409357944503;0.079273946955423;-0.0567473491591857;0.148687358390202;-0.0452524247199306;-0.164163750280324;-0.119187699163308;0.0719277338506437;-0.16757426184093;-0.00059000385340182;0.222695478798777;0.126008379134866;-0.0774600298887292;0.0613089436901069;-0.136942828149194;0.0151896794478265;0.0604483960041568;-0.172139353110519;-0.149838760388115;-0.157804908350452;-0.165259701816143;0.187228782677275;-0.0226526903305991;0.0148202372179858;0.16198746039736;-0.175299631226864;0.0987526969246859;0.0774075807786707;-0.115292997321054;0.121540276331741;-0.145115205076507;0.0962410994328097;0.134105660795621;0.0587552633302083;-0.0544533298990467;0.195512387366558;-0.0113234168508311;0.0708981418429513;-0.124564519715999;0.0453096768155394;0.208983479664639;-0.16106016806929;-0.164087777367584;0.106036214655119;-0.0182217095632492;0.00922358113975601;0.191465348069197;-0.00386509928937959;0.146857507394568;0.00878544711127442;0.161873620819723;0.0556123815237157;-0.170191160889789;-0.111439042847926;-0.141328765039286;-0.0752838131250791;-0.0806928415038727;0.154470962620054;0.212738446990068;-0.0525722722829611;-0.0368778982077838;0.0294432690552467;0.00460125238180295;-0.0630759891754447;-0.03809427756679;-0.0561650994239278;0.217941267336471;0.0898232557782881;-0.0668572052007412;-0.106416666518527
-0.175903211609055;0.209453606218211;0.170963988503557;0.0179663265623835;-0.159982239387203;0.215933544445783;0.160838382150733;0.0868685745294346;-0.169134393655067;-0.0450120894003437;-0.159957970282239;-0.0970012884382165;0.148284877665113;0.0916484922581699;0.178471637860052;0.0121821158955532;0.0728341655577943;0.05117888810254;0.00404730868951179;-0.181794688752572;0.082966338923818;0.0483992907624616;0.0732337955174026;0.145649114013031;-0.118182421069275;-0.0172515957453653;0.0485371366823084;0.115562961936055;-0.0539627960104697;-0.164052798356612;0.00389834071227876;-0.0980128542950948;-0.138083418389857;0.0591924545450471;-0.0324383770357028;0.164597951436529;0.0929207049720875;0.0118154301036201;-0.173002682462441;-0.156228556462214;-0.0326609643757231;0.0357010063833735;0.111832982089446;0.0481197797723283;-0.111996536710044;-0.15868199878879;0.0884688593291153;0.1193501613686;-0.0376376983665693;0.154551736378783;0.0751646729868953;-0.0426771480634538;-0.128372549323109;-0.104969792930264;0.0129339394725573;-0.00401507059136519;-0.0671709843229759;-0.178075920533258;-0.0672420473921251;0.0775567881383137;-0.0359943872603088;-0.158115374809105;-0.0625594244838796;0.215205836481696;0.171377001667528;0.158342315793006;-0.162308665072144;-0.114298371903718;-0.0793039257299112;-0.189517108600262;0.139548842703617
-0.133257903558637;0.0331021597043103;-0.032055798529208;0.0844519693898149;-0.147280808819232;0.171831322109017;-0.169866187780885;0.067221979259763;-0.154179140778633;0.128715935645909;0.164307388342734;-0.0392696442894608;0.0239075753748439;-0.00739699752816724;-0.14798417029405;-0.164517717727798;0.202745519404071;-0.148307355198801;0.207527746726681;0.0408382017564292;0.0808345706804271;-0.114865686573797;-0.0189612469032322;0.11391782062922;-0.0675595908353265;-0.0952864451641338;0.131109538317417;0.110835530247576;-0.0391282121458576;-0.19177458875576;0.0112681995159443;0.00707445700141373;-0.0406167846777997;-0.180175440534841;0.0263271139611334;0.171796419038876;0.149579747104818;0.0569333201057243;-0.023100145500613;0.0724869299302704;-0.0821893720411767;-0.000375355414915007;-0.0979488746162392;0.198772601890868;0.0474049020476382;0.12646794716206;0.16071912735646;0.0432515229969909;0.139151020855322;0.142394463558875;-0.119822675663849;-0.151799068498147;-0.0399736591206566;0.0143430402670171;-0.122119562079265;0.218115800003821;-0.143408914122062;0.0905343978302331;-0.043460760504463;0.184513653333563;-0.154750536938004;-0.0441937010398008;-0.0891221293239838;-0.157876872752478;-0.07802458459964;-0.0382393893882846;-0.194125180341265;0.0086106951800806;0.20278390549936;-0.0832725723442645;-0.0775894478439543
